"","title","geo_accession","status","submission_date","last_update_date","type","channel_count","source_name_ch1","organism_ch1","characteristics_ch1","characteristics_ch1.1","characteristics_ch1.2","characteristics_ch1.3","characteristics_ch1.4","characteristics_ch1.5","characteristics_ch1.6","characteristics_ch1.7","characteristics_ch1.8","characteristics_ch1.9","characteristics_ch1.10","characteristics_ch1.11","characteristics_ch1.12","characteristics_ch1.13","characteristics_ch1.14","molecule_ch1","extract_protocol_ch1","label_ch1","label_protocol_ch1","taxid_ch1","hyb_protocol","scan_protocol","description","data_processing","platform_id","contact_name","contact_email","contact_department","contact_institute","contact_address","contact_city","contact_zip/postal_code","contact_country","supplementary_file","data_row_count","age at incident:ch1","age at operation:ch1","braf delph:ch1","braf:ch1","dominant variant:ch1","extra-thyroid invasion:ch1","height (cm):ch1","invasion capsule:ch1","lymphocyte infiltration:ch1","origin:ch1","regional metastasis:ch1","sample id:ch1","Sex:ch1","tissue:ch1","weight (g):ch1"
"GSM723320","Anaplastic thyroid carcinoma ATC1","GSM723320","Public on Jun 01 2012","May 12 2011","Jun 01 2012","RNA","1","tumor","Homo sapiens","origin: NA","dominant variant: NA","invasion capsule: NA","extra-thyroid invasion: NA","regional metastasis: NA","age at operation: NA","age at incident: NA","height (cm): NA","weight (g): NA","Sex: NA","braf: NA","braf delph: NA","lymphocyte infiltration: NA","sample id: ATC1","tissue: Anaplastic thyroid carcinoma","total RNA","All tissues were immediately dissected, placed on ice, snap-frozen in liquid nitrogen, and stored at –80°C until processing. The ethics committees of the involved institutions approved the protocol. RNAs were prepared using TRIzol Reagent and RNeasy columns (Qiagen), followed by a verification of their quality. The Affymetrix protocol with two cycles of amplification was used and hybridizations were performed following manufacturer’s instructions.","biotin","standard Affymetrix protocol","9606","standard Affymetrix protocol","standard Affymetrix protocol","Anaplastic thyroid carcinoma","CEL files were normalized with RMA using the affy Bioconductor package","GPL570","Gil,,Tomas","gil.tomas@ulb.ac.be","IRIBHM","ULB","808 route de Lennik","Brussels","1070","Belgium","ftp://ftp.ncbi.nlm.nih.gov/geo/samples/GSM723nnn/GSM723320/suppl/GSM723320_ATC1_Plus.CEL.gz","54675","NA","NA","NA","NA","NA","NA","NA","NA","NA","NA","NA","ATC1","NA","Anaplastic thyroid carcinoma","NA"
"GSM723321","Anaplastic thyroid carcinoma ATC2","GSM723321","Public on Jun 01 2012","May 12 2011","Jun 01 2012","RNA","1","tumor","Homo sapiens","origin: NA","dominant variant: NA","invasion capsule: NA","extra-thyroid invasion: NA","regional metastasis: NA","age at operation: NA","age at incident: NA","height (cm): NA","weight (g): NA","Sex: NA","braf: NA","braf delph: NA","lymphocyte infiltration: NA","sample id: ATC2","tissue: Anaplastic thyroid carcinoma","total RNA","All tissues were immediately dissected, placed on ice, snap-frozen in liquid nitrogen, and stored at –80°C until processing. The ethics committees of the involved institutions approved the protocol. RNAs were prepared using TRIzol Reagent and RNeasy columns (Qiagen), followed by a verification of their quality. The Affymetrix protocol with two cycles of amplification was used and hybridizations were performed following manufacturer’s instructions.","biotin","standard Affymetrix protocol","9606","standard Affymetrix protocol","standard Affymetrix protocol","Anaplastic thyroid carcinoma","CEL files were normalized with RMA using the affy Bioconductor package","GPL570","Gil,,Tomas","gil.tomas@ulb.ac.be","IRIBHM","ULB","808 route de Lennik","Brussels","1070","Belgium","ftp://ftp.ncbi.nlm.nih.gov/geo/samples/GSM723nnn/GSM723321/suppl/GSM723321_ATC10_Plus.CEL.gz","54675","NA","NA","NA","NA","NA","NA","NA","NA","NA","NA","NA","ATC2","NA","Anaplastic thyroid carcinoma","NA"
"GSM723322","Anaplastic thyroid carcinoma ATC3","GSM723322","Public on Jun 01 2012","May 12 2011","Jun 01 2012","RNA","1","tumor","Homo sapiens","origin: NA","dominant variant: NA","invasion capsule: NA","extra-thyroid invasion: NA","regional metastasis: NA","age at operation: NA","age at incident: NA","height (cm): NA","weight (g): NA","Sex: NA","braf: NA","braf delph: NA","lymphocyte infiltration: NA","sample id: ATC3","tissue: Anaplastic thyroid carcinoma","total RNA","All tissues were immediately dissected, placed on ice, snap-frozen in liquid nitrogen, and stored at –80°C until processing. The ethics committees of the involved institutions approved the protocol. RNAs were prepared using TRIzol Reagent and RNeasy columns (Qiagen), followed by a verification of their quality. The Affymetrix protocol with two cycles of amplification was used and hybridizations were performed following manufacturer’s instructions.","biotin","standard Affymetrix protocol","9606","standard Affymetrix protocol","standard Affymetrix protocol","Anaplastic thyroid carcinoma","CEL files were normalized with RMA using the affy Bioconductor package","GPL570","Gil,,Tomas","gil.tomas@ulb.ac.be","IRIBHM","ULB","808 route de Lennik","Brussels","1070","Belgium","ftp://ftp.ncbi.nlm.nih.gov/geo/samples/GSM723nnn/GSM723322/suppl/GSM723322_ATC2_Plus.CEL.gz","54675","NA","NA","NA","NA","NA","NA","NA","NA","NA","NA","NA","ATC3","NA","Anaplastic thyroid carcinoma","NA"
"GSM723323","Anaplastic thyroid carcinoma ATC4","GSM723323","Public on Jun 01 2012","May 12 2011","Jun 01 2012","RNA","1","tumor","Homo sapiens","origin: NA","dominant variant: NA","invasion capsule: NA","extra-thyroid invasion: NA","regional metastasis: NA","age at operation: NA","age at incident: NA","height (cm): NA","weight (g): NA","Sex: NA","braf: NA","braf delph: NA","lymphocyte infiltration: NA","sample id: ATC4","tissue: Anaplastic thyroid carcinoma","total RNA","All tissues were immediately dissected, placed on ice, snap-frozen in liquid nitrogen, and stored at –80°C until processing. The ethics committees of the involved institutions approved the protocol. RNAs were prepared using TRIzol Reagent and RNeasy columns (Qiagen), followed by a verification of their quality. The Affymetrix protocol with two cycles of amplification was used and hybridizations were performed following manufacturer’s instructions.","biotin","standard Affymetrix protocol","9606","standard Affymetrix protocol","standard Affymetrix protocol","Anaplastic thyroid carcinoma","CEL files were normalized with RMA using the affy Bioconductor package","GPL570","Gil,,Tomas","gil.tomas@ulb.ac.be","IRIBHM","ULB","808 route de Lennik","Brussels","1070","Belgium","ftp://ftp.ncbi.nlm.nih.gov/geo/samples/GSM723nnn/GSM723323/suppl/GSM723323_ATC3_Plus.CEL.gz","54675","NA","NA","NA","NA","NA","NA","NA","NA","NA","NA","NA","ATC4","NA","Anaplastic thyroid carcinoma","NA"
"GSM723324","Anaplastic thyroid carcinoma ATC5","GSM723324","Public on Jun 01 2012","May 12 2011","Jun 01 2012","RNA","1","tumor","Homo sapiens","origin: NA","dominant variant: NA","invasion capsule: NA","extra-thyroid invasion: NA","regional metastasis: NA","age at operation: NA","age at incident: NA","height (cm): NA","weight (g): NA","Sex: NA","braf: NA","braf delph: NA","lymphocyte infiltration: NA","sample id: ATC5","tissue: Anaplastic thyroid carcinoma","total RNA","All tissues were immediately dissected, placed on ice, snap-frozen in liquid nitrogen, and stored at –80°C until processing. The ethics committees of the involved institutions approved the protocol. RNAs were prepared using TRIzol Reagent and RNeasy columns (Qiagen), followed by a verification of their quality. The Affymetrix protocol with two cycles of amplification was used and hybridizations were performed following manufacturer’s instructions.","biotin","standard Affymetrix protocol","9606","standard Affymetrix protocol","standard Affymetrix protocol","Anaplastic thyroid carcinoma","CEL files were normalized with RMA using the affy Bioconductor package","GPL570","Gil,,Tomas","gil.tomas@ulb.ac.be","IRIBHM","ULB","808 route de Lennik","Brussels","1070","Belgium","ftp://ftp.ncbi.nlm.nih.gov/geo/samples/GSM723nnn/GSM723324/suppl/GSM723324_ATC4_Plus.CEL.gz","54675","NA","NA","NA","NA","NA","NA","NA","NA","NA","NA","NA","ATC5","NA","Anaplastic thyroid carcinoma","NA"
"GSM723325","Anaplastic thyroid carcinoma ATC6","GSM723325","Public on Jun 01 2012","May 12 2011","Jun 01 2012","RNA","1","tumor","Homo sapiens","origin: NA","dominant variant: NA","invasion capsule: NA","extra-thyroid invasion: NA","regional metastasis: NA","age at operation: NA","age at incident: NA","height (cm): NA","weight (g): NA","Sex: NA","braf: NA","braf delph: NA","lymphocyte infiltration: NA","sample id: ATC6","tissue: Anaplastic thyroid carcinoma","total RNA","All tissues were immediately dissected, placed on ice, snap-frozen in liquid nitrogen, and stored at –80°C until processing. The ethics committees of the involved institutions approved the protocol. RNAs were prepared using TRIzol Reagent and RNeasy columns (Qiagen), followed by a verification of their quality. The Affymetrix protocol with two cycles of amplification was used and hybridizations were performed following manufacturer’s instructions.","biotin","standard Affymetrix protocol","9606","standard Affymetrix protocol","standard Affymetrix protocol","Anaplastic thyroid carcinoma","CEL files were normalized with RMA using the affy Bioconductor package","GPL570","Gil,,Tomas","gil.tomas@ulb.ac.be","IRIBHM","ULB","808 route de Lennik","Brussels","1070","Belgium","ftp://ftp.ncbi.nlm.nih.gov/geo/samples/GSM723nnn/GSM723325/suppl/GSM723325_ATC5_Plus.CEL.gz","54675","NA","NA","NA","NA","NA","NA","NA","NA","NA","NA","NA","ATC6","NA","Anaplastic thyroid carcinoma","NA"
"GSM723326","Anaplastic thyroid carcinoma ATC7","GSM723326","Public on Jun 01 2012","May 12 2011","Jun 01 2012","RNA","1","tumor","Homo sapiens","origin: NA","dominant variant: NA","invasion capsule: NA","extra-thyroid invasion: NA","regional metastasis: NA","age at operation: NA","age at incident: NA","height (cm): NA","weight (g): NA","Sex: NA","braf: NA","braf delph: NA","lymphocyte infiltration: NA","sample id: ATC7","tissue: Anaplastic thyroid carcinoma","total RNA","All tissues were immediately dissected, placed on ice, snap-frozen in liquid nitrogen, and stored at –80°C until processing. The ethics committees of the involved institutions approved the protocol. RNAs were prepared using TRIzol Reagent and RNeasy columns (Qiagen), followed by a verification of their quality. The Affymetrix protocol with two cycles of amplification was used and hybridizations were performed following manufacturer’s instructions.","biotin","standard Affymetrix protocol","9606","standard Affymetrix protocol","standard Affymetrix protocol","Anaplastic thyroid carcinoma","CEL files were normalized with RMA using the affy Bioconductor package","GPL570","Gil,,Tomas","gil.tomas@ulb.ac.be","IRIBHM","ULB","808 route de Lennik","Brussels","1070","Belgium","ftp://ftp.ncbi.nlm.nih.gov/geo/samples/GSM723nnn/GSM723326/suppl/GSM723326_ATC6_Plus.CEL.gz","54675","NA","NA","NA","NA","NA","NA","NA","NA","NA","NA","NA","ATC7","NA","Anaplastic thyroid carcinoma","NA"
"GSM723327","Anaplastic thyroid carcinoma ATC8","GSM723327","Public on Jun 01 2012","May 12 2011","Jun 01 2012","RNA","1","tumor","Homo sapiens","origin: NA","dominant variant: NA","invasion capsule: NA","extra-thyroid invasion: NA","regional metastasis: NA","age at operation: NA","age at incident: NA","height (cm): NA","weight (g): NA","Sex: NA","braf: NA","braf delph: NA","lymphocyte infiltration: NA","sample id: ATC8","tissue: Anaplastic thyroid carcinoma","total RNA","All tissues were immediately dissected, placed on ice, snap-frozen in liquid nitrogen, and stored at –80°C until processing. The ethics committees of the involved institutions approved the protocol. RNAs were prepared using TRIzol Reagent and RNeasy columns (Qiagen), followed by a verification of their quality. The Affymetrix protocol with two cycles of amplification was used and hybridizations were performed following manufacturer’s instructions.","biotin","standard Affymetrix protocol","9606","standard Affymetrix protocol","standard Affymetrix protocol","Anaplastic thyroid carcinoma","CEL files were normalized with RMA using the affy Bioconductor package","GPL570","Gil,,Tomas","gil.tomas@ulb.ac.be","IRIBHM","ULB","808 route de Lennik","Brussels","1070","Belgium","ftp://ftp.ncbi.nlm.nih.gov/geo/samples/GSM723nnn/GSM723327/suppl/GSM723327_ATC7_Plus.CEL.gz","54675","NA","NA","NA","NA","NA","NA","NA","NA","NA","NA","NA","ATC8","NA","Anaplastic thyroid carcinoma","NA"
"GSM723328","Anaplastic thyroid carcinoma ATC10","GSM723328","Public on Jun 01 2012","May 12 2011","Jun 01 2012","RNA","1","tumor","Homo sapiens","origin: NA","dominant variant: NA","invasion capsule: NA","extra-thyroid invasion: NA","regional metastasis: NA","age at operation: NA","age at incident: NA","height (cm): NA","weight (g): NA","Sex: NA","braf: NA","braf delph: NA","lymphocyte infiltration: NA","sample id: ATC10","tissue: Anaplastic thyroid carcinoma","total RNA","All tissues were immediately dissected, placed on ice, snap-frozen in liquid nitrogen, and stored at –80°C until processing. The ethics committees of the involved institutions approved the protocol. RNAs were prepared using TRIzol Reagent and RNeasy columns (Qiagen), followed by a verification of their quality. The Affymetrix protocol with two cycles of amplification was used and hybridizations were performed following manufacturer’s instructions.","biotin","standard Affymetrix protocol","9606","standard Affymetrix protocol","standard Affymetrix protocol","Anaplastic thyroid carcinoma","CEL files were normalized with RMA using the affy Bioconductor package","GPL570","Gil,,Tomas","gil.tomas@ulb.ac.be","IRIBHM","ULB","808 route de Lennik","Brussels","1070","Belgium","ftp://ftp.ncbi.nlm.nih.gov/geo/samples/GSM723nnn/GSM723328/suppl/GSM723328_ATC8_Plus.CEL.gz","54675","NA","NA","NA","NA","NA","NA","NA","NA","NA","NA","NA","ATC10","NA","Anaplastic thyroid carcinoma","NA"
"GSM723329","Patient-matched non-tumor control NPTC6","GSM723329","Public on Jun 01 2012","May 12 2011","Jun 01 2012","RNA","1","patient-matched nontumor control","Homo sapiens","origin: NA","dominant variant: NA","invasion capsule: NA","extra-thyroid invasion: NA","regional metastasis: NA","age at operation: 37","age at incident: 24","height (cm): NA","weight (g): NA","Sex: M","braf: NA","braf delph: NA","lymphocyte infiltration: NA","sample id: NPTC6","tissue: Patient-matched nontumor control","total RNA","All tissues were immediately dissected, placed on ice, snap-frozen in liquid nitrogen, and stored at –80°C until processing. The ethics committees of the involved institutions approved the protocol. RNAs were prepared using TRIzol Reagent and RNeasy columns (Qiagen), followed by a verification of their quality. The Affymetrix protocol with two cycles of amplification was used and hybridizations were performed following manufacturer’s instructions.","biotin","standard Affymetrix protocol","9606","standard Affymetrix protocol","standard Affymetrix protocol","Patient-matched nontumor control","CEL files were normalized with RMA using the affy Bioconductor package","GPL570","Gil,,Tomas","gil.tomas@ulb.ac.be","IRIBHM","ULB","808 route de Lennik","Brussels","1070","Belgium","ftp://ftp.ncbi.nlm.nih.gov/geo/samples/GSM723nnn/GSM723329/suppl/GSM723329_NPTC6_Plus.CEL.gz","54675","24","37","NA","NA","NA","NA","NA","NA","NA","NA","NA","NPTC6","M","Patient-matched nontumor control","NA"
"GSM723330","Patient-matched non-tumor control NPTC7","GSM723330","Public on Jun 01 2012","May 12 2011","Jun 01 2012","RNA","1","patient-matched nontumor control","Homo sapiens","origin: NA","dominant variant: NA","invasion capsule: NA","extra-thyroid invasion: NA","regional metastasis: NA","age at operation: 29","age at incident: 13","height (cm): NA","weight (g): NA","Sex: F","braf: NA","braf delph: NA","lymphocyte infiltration: NA","sample id: NPTC7","tissue: Patient-matched nontumor control","total RNA","All tissues were immediately dissected, placed on ice, snap-frozen in liquid nitrogen, and stored at –80°C until processing. The ethics committees of the involved institutions approved the protocol. RNAs were prepared using TRIzol Reagent and RNeasy columns (Qiagen), followed by a verification of their quality. The Affymetrix protocol with two cycles of amplification was used and hybridizations were performed following manufacturer’s instructions.","biotin","standard Affymetrix protocol","9606","standard Affymetrix protocol","standard Affymetrix protocol","Patient-matched nontumor control","CEL files were normalized with RMA using the affy Bioconductor package","GPL570","Gil,,Tomas","gil.tomas@ulb.ac.be","IRIBHM","ULB","808 route de Lennik","Brussels","1070","Belgium","ftp://ftp.ncbi.nlm.nih.gov/geo/samples/GSM723nnn/GSM723330/suppl/GSM723330_NPTC7_Plus.CEL.gz","54675","13","29","NA","NA","NA","NA","NA","NA","NA","NA","NA","NPTC7","F","Patient-matched nontumor control","NA"
"GSM723331","Patient-matched non-tumor control NPTC8","GSM723331","Public on Jun 01 2012","May 12 2011","Jun 01 2012","RNA","1","patient-matched nontumor control","Homo sapiens","origin: NA","dominant variant: NA","invasion capsule: NA","extra-thyroid invasion: NA","regional metastasis: NA","age at operation: 36","age at incident: 22","height (cm): NA","weight (g): NA","Sex: M","braf: NA","braf delph: NA","lymphocyte infiltration: NA","sample id: NPTC8","tissue: Patient-matched nontumor control","total RNA","All tissues were immediately dissected, placed on ice, snap-frozen in liquid nitrogen, and stored at –80°C until processing. The ethics committees of the involved institutions approved the protocol. RNAs were prepared using TRIzol Reagent and RNeasy columns (Qiagen), followed by a verification of their quality. The Affymetrix protocol with two cycles of amplification was used and hybridizations were performed following manufacturer’s instructions.","biotin","standard Affymetrix protocol","9606","standard Affymetrix protocol","standard Affymetrix protocol","Patient-matched nontumor control","CEL files were normalized with RMA using the affy Bioconductor package","GPL570","Gil,,Tomas","gil.tomas@ulb.ac.be","IRIBHM","ULB","808 route de Lennik","Brussels","1070","Belgium","ftp://ftp.ncbi.nlm.nih.gov/geo/samples/GSM723nnn/GSM723331/suppl/GSM723331_NPTC8_Plus.CEL.gz","54675","22","36","NA","NA","NA","NA","NA","NA","NA","NA","NA","NPTC8","M","Patient-matched nontumor control","NA"
"GSM723332","Patient-matched non-tumor control NPTC9","GSM723332","Public on Jun 01 2012","May 12 2011","Jun 01 2012","RNA","1","patient-matched nontumor control","Homo sapiens","origin: NA","dominant variant: NA","invasion capsule: NA","extra-thyroid invasion: NA","regional metastasis: NA","age at operation: 38","age at incident: 24","height (cm): NA","weight (g): NA","Sex: F","braf: NA","braf delph: NA","lymphocyte infiltration: NA","sample id: NPTC9","tissue: Patient-matched nontumor control","total RNA","All tissues were immediately dissected, placed on ice, snap-frozen in liquid nitrogen, and stored at –80°C until processing. The ethics committees of the involved institutions approved the protocol. RNAs were prepared using TRIzol Reagent and RNeasy columns (Qiagen), followed by a verification of their quality. The Affymetrix protocol with two cycles of amplification was used and hybridizations were performed following manufacturer’s instructions.","biotin","standard Affymetrix protocol","9606","standard Affymetrix protocol","standard Affymetrix protocol","Patient-matched nontumor control","CEL files were normalized with RMA using the affy Bioconductor package","GPL570","Gil,,Tomas","gil.tomas@ulb.ac.be","IRIBHM","ULB","808 route de Lennik","Brussels","1070","Belgium","ftp://ftp.ncbi.nlm.nih.gov/geo/samples/GSM723nnn/GSM723332/suppl/GSM723332_NPTC9_Plus.CEL.gz","54675","24","38","NA","NA","NA","NA","NA","NA","NA","NA","NA","NPTC9","F","Patient-matched nontumor control","NA"
"GSM723333","Patient-matched non-tumor control NPTC14","GSM723333","Public on Jun 01 2012","May 12 2011","Jun 01 2012","RNA","1","patient-matched nontumor control","Homo sapiens","origin: NA","dominant variant: NA","invasion capsule: NA","extra-thyroid invasion: NA","regional metastasis: NA","age at operation: 32","age at incident: 17","height (cm): NA","weight (g): NA","Sex: M","braf: NA","braf delph: NA","lymphocyte infiltration: NA","sample id: NPTC14","tissue: Patient-matched nontumor control","total RNA","All tissues were immediately dissected, placed on ice, snap-frozen in liquid nitrogen, and stored at –80°C until processing. The ethics committees of the involved institutions approved the protocol. RNAs were prepared using TRIzol Reagent and RNeasy columns (Qiagen), followed by a verification of their quality. The Affymetrix protocol with two cycles of amplification was used and hybridizations were performed following manufacturer’s instructions.","biotin","standard Affymetrix protocol","9606","standard Affymetrix protocol","standard Affymetrix protocol","Patient-matched nontumor control","CEL files were normalized with RMA using the affy Bioconductor package","GPL570","Gil,,Tomas","gil.tomas@ulb.ac.be","IRIBHM","ULB","808 route de Lennik","Brussels","1070","Belgium","ftp://ftp.ncbi.nlm.nih.gov/geo/samples/GSM723nnn/GSM723333/suppl/GSM723333_NPTC14_Plus.CEL.gz","54675","17","32","NA","NA","NA","NA","NA","NA","NA","NA","NA","NPTC14","M","Patient-matched nontumor control","NA"
"GSM723334","Patient-matched non-tumor control NPTC18","GSM723334","Public on Jun 01 2012","May 12 2011","Jun 01 2012","RNA","1","patient-matched nontumor control","Homo sapiens","origin: NA","dominant variant: NA","invasion capsule: NA","extra-thyroid invasion: NA","regional metastasis: NA","age at operation: 59","age at incident: NA","height (cm): NA","weight (g): NA","Sex: F","braf: NA","braf delph: NA","lymphocyte infiltration: NA","sample id: NPTC18","tissue: Patient-matched nontumor control","total RNA","All tissues were immediately dissected, placed on ice, snap-frozen in liquid nitrogen, and stored at –80°C until processing. The ethics committees of the involved institutions approved the protocol. RNAs were prepared using TRIzol Reagent and RNeasy columns (Qiagen), followed by a verification of their quality. The Affymetrix protocol with two cycles of amplification was used and hybridizations were performed following manufacturer’s instructions.","biotin","standard Affymetrix protocol","9606","standard Affymetrix protocol","standard Affymetrix protocol","Patient-matched nontumor control","CEL files were normalized with RMA using the affy Bioconductor package","GPL570","Gil,,Tomas","gil.tomas@ulb.ac.be","IRIBHM","ULB","808 route de Lennik","Brussels","1070","Belgium","ftp://ftp.ncbi.nlm.nih.gov/geo/samples/GSM723nnn/GSM723334/suppl/GSM723334_NPTC18_Plus.CEL.gz","54675","NA","59","NA","NA","NA","NA","NA","NA","NA","NA","NA","NPTC18","F","Patient-matched nontumor control","NA"
"GSM723335","Patient-matched non-tumor control NPTC19","GSM723335","Public on Jun 01 2012","May 12 2011","Jun 01 2012","RNA","1","patient-matched nontumor control","Homo sapiens","origin: NA","dominant variant: NA","invasion capsule: NA","extra-thyroid invasion: NA","regional metastasis: NA","age at operation: 68","age at incident: 54","height (cm): NA","weight (g): NA","Sex: M","braf: NA","braf delph: NA","lymphocyte infiltration: NA","sample id: NPTC19","tissue: Patient-matched nontumor control","total RNA","All tissues were immediately dissected, placed on ice, snap-frozen in liquid nitrogen, and stored at –80°C until processing. The ethics committees of the involved institutions approved the protocol. RNAs were prepared using TRIzol Reagent and RNeasy columns (Qiagen), followed by a verification of their quality. The Affymetrix protocol with two cycles of amplification was used and hybridizations were performed following manufacturer’s instructions.","biotin","standard Affymetrix protocol","9606","standard Affymetrix protocol","standard Affymetrix protocol","Patient-matched nontumor control","CEL files were normalized with RMA using the affy Bioconductor package","GPL570","Gil,,Tomas","gil.tomas@ulb.ac.be","IRIBHM","ULB","808 route de Lennik","Brussels","1070","Belgium","ftp://ftp.ncbi.nlm.nih.gov/geo/samples/GSM723nnn/GSM723335/suppl/GSM723335_NPTC19_Plus.CEL.gz","54675","54","68","NA","NA","NA","NA","NA","NA","NA","NA","NA","NPTC19","M","Patient-matched nontumor control","NA"
"GSM723336","Patient-matched non-tumor control NPTC20","GSM723336","Public on Jun 01 2012","May 12 2011","Jun 01 2012","RNA","1","patient-matched nontumor control","Homo sapiens","origin: NA","dominant variant: NA","invasion capsule: NA","extra-thyroid invasion: NA","regional metastasis: NA","age at operation: 68","age at incident: 54","height (cm): NA","weight (g): NA","Sex: F","braf: NA","braf delph: NA","lymphocyte infiltration: NA","sample id: NPTC20","tissue: Patient-matched nontumor control","total RNA","All tissues were immediately dissected, placed on ice, snap-frozen in liquid nitrogen, and stored at –80°C until processing. The ethics committees of the involved institutions approved the protocol. RNAs were prepared using TRIzol Reagent and RNeasy columns (Qiagen), followed by a verification of their quality. The Affymetrix protocol with two cycles of amplification was used and hybridizations were performed following manufacturer’s instructions.","biotin","standard Affymetrix protocol","9606","standard Affymetrix protocol","standard Affymetrix protocol","Patient-matched nontumor control","CEL files were normalized with RMA using the affy Bioconductor package","GPL570","Gil,,Tomas","gil.tomas@ulb.ac.be","IRIBHM","ULB","808 route de Lennik","Brussels","1070","Belgium","ftp://ftp.ncbi.nlm.nih.gov/geo/samples/GSM723nnn/GSM723336/suppl/GSM723336_NPTC20_Plus.CEL.gz","54675","54","68","NA","NA","NA","NA","NA","NA","NA","NA","NA","NPTC20","F","Patient-matched nontumor control","NA"
"GSM723337","Patient-matched non-tumor control NPTC23","GSM723337","Public on Jun 01 2012","May 12 2011","Jun 01 2012","RNA","1","patient-matched nontumor control","Homo sapiens","origin: NA","dominant variant: NA","invasion capsule: NA","extra-thyroid invasion: NA","regional metastasis: NA","age at operation: 33","age at incident: 17","height (cm): NA","weight (g): NA","Sex: M","braf: NA","braf delph: NA","lymphocyte infiltration: NA","sample id: NPTC23","tissue: Patient-matched nontumor control","total RNA","All tissues were immediately dissected, placed on ice, snap-frozen in liquid nitrogen, and stored at –80°C until processing. The ethics committees of the involved institutions approved the protocol. RNAs were prepared using TRIzol Reagent and RNeasy columns (Qiagen), followed by a verification of their quality. The Affymetrix protocol with two cycles of amplification was used and hybridizations were performed following manufacturer’s instructions.","biotin","standard Affymetrix protocol","9606","standard Affymetrix protocol","standard Affymetrix protocol","Patient-matched nontumor control","CEL files were normalized with RMA using the affy Bioconductor package","GPL570","Gil,,Tomas","gil.tomas@ulb.ac.be","IRIBHM","ULB","808 route de Lennik","Brussels","1070","Belgium","ftp://ftp.ncbi.nlm.nih.gov/geo/samples/GSM723nnn/GSM723337/suppl/GSM723337_NPTC23_Plus.CEL.gz","54675","17","33","NA","NA","NA","NA","NA","NA","NA","NA","NA","NPTC23","M","Patient-matched nontumor control","NA"
"GSM723338","Patient-matched non-tumor control NPTC26","GSM723338","Public on Jun 01 2012","May 12 2011","Jun 01 2012","RNA","1","patient-matched nontumor control","Homo sapiens","origin: NA","dominant variant: NA","invasion capsule: NA","extra-thyroid invasion: NA","regional metastasis: NA","age at operation: 47","age at incident: 36","height (cm): NA","weight (g): NA","Sex: F","braf: NA","braf delph: NA","lymphocyte infiltration: NA","sample id: NPTC26","tissue: Patient-matched nontumor control","total RNA","All tissues were immediately dissected, placed on ice, snap-frozen in liquid nitrogen, and stored at –80°C until processing. The ethics committees of the involved institutions approved the protocol. RNAs were prepared using TRIzol Reagent and RNeasy columns (Qiagen), followed by a verification of their quality. The Affymetrix protocol with two cycles of amplification was used and hybridizations were performed following manufacturer’s instructions.","biotin","standard Affymetrix protocol","9606","standard Affymetrix protocol","standard Affymetrix protocol","Patient-matched nontumor control","CEL files were normalized with RMA using the affy Bioconductor package","GPL570","Gil,,Tomas","gil.tomas@ulb.ac.be","IRIBHM","ULB","808 route de Lennik","Brussels","1070","Belgium","ftp://ftp.ncbi.nlm.nih.gov/geo/samples/GSM723nnn/GSM723338/suppl/GSM723338_NPTC26_Plus.CEL.gz","54675","36","47","NA","NA","NA","NA","NA","NA","NA","NA","NA","NPTC26","F","Patient-matched nontumor control","NA"
"GSM723339","Papillary thyroid carcinoma PTC6","GSM723339","Public on Jun 01 2012","May 12 2011","Jun 01 2012","RNA","1","tumor","Homo sapiens","origin: sporadic","dominant variant: papillary","invasion capsule: no","extra-thyroid invasion: yes","regional metastasis: yes","age at operation: 37","age at incident: 24","height (cm): 5","weight (g): 35","Sex: M","braf: -","braf delph: -","lymphocyte infiltration: yes","sample id: PTC6","tissue: Papillary thyroid carcinoma","total RNA","All tissues were immediately dissected, placed on ice, snap-frozen in liquid nitrogen, and stored at –80°C until processing. The ethics committees of the involved institutions approved the protocol. RNAs were prepared using TRIzol Reagent and RNeasy columns (Qiagen), followed by a verification of their quality. The Affymetrix protocol with two cycles of amplification was used and hybridizations were performed following manufacturer’s instructions.","biotin","standard Affymetrix protocol","9606","standard Affymetrix protocol","standard Affymetrix protocol","Papillary thyroid carcinoma","CEL files were normalized with RMA using the affy Bioconductor package","GPL570","Gil,,Tomas","gil.tomas@ulb.ac.be","IRIBHM","ULB","808 route de Lennik","Brussels","1070","Belgium","ftp://ftp.ncbi.nlm.nih.gov/geo/samples/GSM723nnn/GSM723339/suppl/GSM723339_PTC6_Plus.CEL.gz","54675","24","37","-","-","papillary","yes","5","no","yes","sporadic","yes","PTC6","M","Papillary thyroid carcinoma","35"
"GSM723340","Papillary thyroid carcinoma PTC7","GSM723340","Public on Jun 01 2012","May 12 2011","Jun 01 2012","RNA","1","tumor","Homo sapiens","origin: sporadic","dominant variant: papillary","invasion capsule: no","extra-thyroid invasion: yes","regional metastasis: no","age at operation: 29","age at incident: 13","height (cm): 1.5","weight (g): 10","Sex: F","braf: +","braf delph: +","lymphocyte infiltration: no","sample id: PTC7","tissue: Papillary thyroid carcinoma","total RNA","All tissues were immediately dissected, placed on ice, snap-frozen in liquid nitrogen, and stored at –80°C until processing. The ethics committees of the involved institutions approved the protocol. RNAs were prepared using TRIzol Reagent and RNeasy columns (Qiagen), followed by a verification of their quality. The Affymetrix protocol with two cycles of amplification was used and hybridizations were performed following manufacturer’s instructions.","biotin","standard Affymetrix protocol","9606","standard Affymetrix protocol","standard Affymetrix protocol","Papillary thyroid carcinoma","CEL files were normalized with RMA using the affy Bioconductor package","GPL570","Gil,,Tomas","gil.tomas@ulb.ac.be","IRIBHM","ULB","808 route de Lennik","Brussels","1070","Belgium","ftp://ftp.ncbi.nlm.nih.gov/geo/samples/GSM723nnn/GSM723340/suppl/GSM723340_PTC7_Plus.CEL.gz","54675","13","29","+","+","papillary","yes","1.5","no","no","sporadic","no","PTC7","F","Papillary thyroid carcinoma","10"
"GSM723341","Papillary thyroid carcinoma PTC8","GSM723341","Public on Jun 01 2012","May 12 2011","Jun 01 2012","RNA","1","tumor","Homo sapiens","origin: sporadic","dominant variant: papillary","invasion capsule: no","extra-thyroid invasion: no","regional metastasis: yes","age at operation: 36","age at incident: 22","height (cm): 0.6","weight (g): 54","Sex: M","braf: -","braf delph: NA","lymphocyte infiltration: no","sample id: PTC8","tissue: Papillary thyroid carcinoma","total RNA","All tissues were immediately dissected, placed on ice, snap-frozen in liquid nitrogen, and stored at –80°C until processing. The ethics committees of the involved institutions approved the protocol. RNAs were prepared using TRIzol Reagent and RNeasy columns (Qiagen), followed by a verification of their quality. The Affymetrix protocol with two cycles of amplification was used and hybridizations were performed following manufacturer’s instructions.","biotin","standard Affymetrix protocol","9606","standard Affymetrix protocol","standard Affymetrix protocol","Papillary thyroid carcinoma","CEL files were normalized with RMA using the affy Bioconductor package","GPL570","Gil,,Tomas","gil.tomas@ulb.ac.be","IRIBHM","ULB","808 route de Lennik","Brussels","1070","Belgium","ftp://ftp.ncbi.nlm.nih.gov/geo/samples/GSM723nnn/GSM723341/suppl/GSM723341_PTC8_Plus.CEL.gz","54675","22","36","NA","-","papillary","no","0.6","no","no","sporadic","yes","PTC8","M","Papillary thyroid carcinoma","54"
"GSM723342","Papillary thyroid carcinoma PTC9","GSM723342","Public on Jun 01 2012","May 12 2011","Jun 01 2012","RNA","1","tumor","Homo sapiens","origin: sporadic","dominant variant: papillary","invasion capsule: no","extra-thyroid invasion: yes","regional metastasis: yes","age at operation: 38","age at incident: 24","height (cm): 2.3","weight (g): 19","Sex: F","braf: +","braf delph: +","lymphocyte infiltration: yes","sample id: PTC9","tissue: Papillary thyroid carcinoma","total RNA","All tissues were immediately dissected, placed on ice, snap-frozen in liquid nitrogen, and stored at –80°C until processing. The ethics committees of the involved institutions approved the protocol. RNAs were prepared using TRIzol Reagent and RNeasy columns (Qiagen), followed by a verification of their quality. The Affymetrix protocol with two cycles of amplification was used and hybridizations were performed following manufacturer’s instructions.","biotin","standard Affymetrix protocol","9606","standard Affymetrix protocol","standard Affymetrix protocol","Papillary thyroid carcinoma","CEL files were normalized with RMA using the affy Bioconductor package","GPL570","Gil,,Tomas","gil.tomas@ulb.ac.be","IRIBHM","ULB","808 route de Lennik","Brussels","1070","Belgium","ftp://ftp.ncbi.nlm.nih.gov/geo/samples/GSM723nnn/GSM723342/suppl/GSM723342_PTC9_Plus.CEL.gz","54675","24","38","+","+","papillary","yes","2.3","no","yes","sporadic","yes","PTC9","F","Papillary thyroid carcinoma","19"
"GSM723343","Papillary thyroid carcinoma PTC14","GSM723343","Public on Jun 01 2012","May 12 2011","Jun 01 2012","RNA","1","tumor","Homo sapiens","origin: sporadic","dominant variant: follicular","invasion capsule: no","extra-thyroid invasion: no","regional metastasis: NA","age at operation: 32","age at incident: 17","height (cm): 2.5","weight (g): 20","Sex: M","braf: -","braf delph: -","lymphocyte infiltration: no","sample id: PTC14","tissue: Papillary thyroid carcinoma","total RNA","All tissues were immediately dissected, placed on ice, snap-frozen in liquid nitrogen, and stored at –80°C until processing. The ethics committees of the involved institutions approved the protocol. RNAs were prepared using TRIzol Reagent and RNeasy columns (Qiagen), followed by a verification of their quality. The Affymetrix protocol with two cycles of amplification was used and hybridizations were performed following manufacturer’s instructions.","biotin","standard Affymetrix protocol","9606","standard Affymetrix protocol","standard Affymetrix protocol","Papillary thyroid carcinoma","CEL files were normalized with RMA using the affy Bioconductor package","GPL570","Gil,,Tomas","gil.tomas@ulb.ac.be","IRIBHM","ULB","808 route de Lennik","Brussels","1070","Belgium","ftp://ftp.ncbi.nlm.nih.gov/geo/samples/GSM723nnn/GSM723343/suppl/GSM723343_PTC14_Plus.CEL.gz","54675","17","32","-","-","follicular","no","2.5","no","no","sporadic","NA","PTC14","M","Papillary thyroid carcinoma","20"
"GSM723344","Papillary thyroid carcinoma PTC18","GSM723344","Public on Jun 01 2012","May 12 2011","Jun 01 2012","RNA","1","tumor","Homo sapiens","origin: sporadic","dominant variant: papillary","invasion capsule: no","extra-thyroid invasion: yes","regional metastasis: NA","age at operation: 59","age at incident: NA","height (cm): 1","weight (g): 28","Sex: F","braf: +","braf delph: +","lymphocyte infiltration: no","sample id: PTC18","tissue: Papillary thyroid carcinoma","total RNA","All tissues were immediately dissected, placed on ice, snap-frozen in liquid nitrogen, and stored at –80°C until processing. The ethics committees of the involved institutions approved the protocol. RNAs were prepared using TRIzol Reagent and RNeasy columns (Qiagen), followed by a verification of their quality. The Affymetrix protocol with two cycles of amplification was used and hybridizations were performed following manufacturer’s instructions.","biotin","standard Affymetrix protocol","9606","standard Affymetrix protocol","standard Affymetrix protocol","Papillary thyroid carcinoma","CEL files were normalized with RMA using the affy Bioconductor package","GPL570","Gil,,Tomas","gil.tomas@ulb.ac.be","IRIBHM","ULB","808 route de Lennik","Brussels","1070","Belgium","ftp://ftp.ncbi.nlm.nih.gov/geo/samples/GSM723nnn/GSM723344/suppl/GSM723344_PTC18_Plus.CEL.gz","54675","NA","59","+","+","papillary","yes","1","no","no","sporadic","NA","PTC18","F","Papillary thyroid carcinoma","28"
"GSM723345","Papillary thyroid carcinoma PTC19","GSM723345","Public on Jun 01 2012","May 12 2011","Jun 01 2012","RNA","1","tumor","Homo sapiens","origin: sporadic","dominant variant: follicular","invasion capsule: no","extra-thyroid invasion: no","regional metastasis: no","age at operation: 68","age at incident: 54","height (cm): 0.9","weight (g): 13","Sex: M","braf: -","braf delph: -","lymphocyte infiltration: no","sample id: PTC19","tissue: Papillary thyroid carcinoma","total RNA","All tissues were immediately dissected, placed on ice, snap-frozen in liquid nitrogen, and stored at –80°C until processing. The ethics committees of the involved institutions approved the protocol. RNAs were prepared using TRIzol Reagent and RNeasy columns (Qiagen), followed by a verification of their quality. The Affymetrix protocol with two cycles of amplification was used and hybridizations were performed following manufacturer’s instructions.","biotin","standard Affymetrix protocol","9606","standard Affymetrix protocol","standard Affymetrix protocol","Papillary thyroid carcinoma","CEL files were normalized with RMA using the affy Bioconductor package","GPL570","Gil,,Tomas","gil.tomas@ulb.ac.be","IRIBHM","ULB","808 route de Lennik","Brussels","1070","Belgium","ftp://ftp.ncbi.nlm.nih.gov/geo/samples/GSM723nnn/GSM723345/suppl/GSM723345_PTC19_Plus.CEL.gz","54675","54","68","-","-","follicular","no","0.9","no","no","sporadic","no","PTC19","M","Papillary thyroid carcinoma","13"
"GSM723346","Papillary thyroid carcinoma PTC20","GSM723346","Public on Jun 01 2012","May 12 2011","Jun 01 2012","RNA","1","tumor","Homo sapiens","origin: sporadic","dominant variant: papillary","invasion capsule: no","extra-thyroid invasion: yes","regional metastasis: yes","age at operation: 68","age at incident: 54","height (cm): 1","weight (g): 15","Sex: F","braf: +","braf delph: +","lymphocyte infiltration: yes","sample id: PTC20","tissue: Papillary thyroid carcinoma","total RNA","All tissues were immediately dissected, placed on ice, snap-frozen in liquid nitrogen, and stored at –80°C until processing. The ethics committees of the involved institutions approved the protocol. RNAs were prepared using TRIzol Reagent and RNeasy columns (Qiagen), followed by a verification of their quality. The Affymetrix protocol with two cycles of amplification was used and hybridizations were performed following manufacturer’s instructions.","biotin","standard Affymetrix protocol","9606","standard Affymetrix protocol","standard Affymetrix protocol","Papillary thyroid carcinoma","CEL files were normalized with RMA using the affy Bioconductor package","GPL570","Gil,,Tomas","gil.tomas@ulb.ac.be","IRIBHM","ULB","808 route de Lennik","Brussels","1070","Belgium","ftp://ftp.ncbi.nlm.nih.gov/geo/samples/GSM723nnn/GSM723346/suppl/GSM723346_PTC20_Plus.CEL.gz","54675","54","68","+","+","papillary","yes","1","no","yes","sporadic","yes","PTC20","F","Papillary thyroid carcinoma","15"
"GSM723347","Papillary thyroid carcinoma PTC23","GSM723347","Public on Jun 01 2012","May 12 2011","Jun 01 2012","RNA","1","tumor","Homo sapiens","origin: sporadic","dominant variant: follicular","invasion capsule: no","extra-thyroid invasion: no","regional metastasis: no","age at operation: 33","age at incident: 17","height (cm): 0.8","weight (g): 16","Sex: M","braf: -","braf delph: -","lymphocyte infiltration: no","sample id: PTC23","tissue: Papillary thyroid carcinoma","total RNA","All tissues were immediately dissected, placed on ice, snap-frozen in liquid nitrogen, and stored at –80°C until processing. The ethics committees of the involved institutions approved the protocol. RNAs were prepared using TRIzol Reagent and RNeasy columns (Qiagen), followed by a verification of their quality. The Affymetrix protocol with two cycles of amplification was used and hybridizations were performed following manufacturer’s instructions.","biotin","standard Affymetrix protocol","9606","standard Affymetrix protocol","standard Affymetrix protocol","Papillary thyroid carcinoma","CEL files were normalized with RMA using the affy Bioconductor package","GPL570","Gil,,Tomas","gil.tomas@ulb.ac.be","IRIBHM","ULB","808 route de Lennik","Brussels","1070","Belgium","ftp://ftp.ncbi.nlm.nih.gov/geo/samples/GSM723nnn/GSM723347/suppl/GSM723347_PTC23_Plus.CEL.gz","54675","17","33","-","-","follicular","no","0.8","no","no","sporadic","no","PTC23","M","Papillary thyroid carcinoma","16"
"GSM723348","Papillary thyroid carcinoma PTC26","GSM723348","Public on Jun 01 2012","May 12 2011","Jun 01 2012","RNA","1","tumor","Homo sapiens","origin: sporadic","dominant variant: papillary","invasion capsule: yes","extra-thyroid invasion: no","regional metastasis: no","age at operation: 47","age at incident: 36","height (cm): 1","weight (g): 6","Sex: F","braf: +","braf delph: +","lymphocyte infiltration: no","sample id: PTC26","tissue: Papillary thyroid carcinoma","total RNA","All tissues were immediately dissected, placed on ice, snap-frozen in liquid nitrogen, and stored at –80°C until processing. The ethics committees of the involved institutions approved the protocol. RNAs were prepared using TRIzol Reagent and RNeasy columns (Qiagen), followed by a verification of their quality. The Affymetrix protocol with two cycles of amplification was used and hybridizations were performed following manufacturer’s instructions.","biotin","standard Affymetrix protocol","9606","standard Affymetrix protocol","standard Affymetrix protocol","Papillary thyroid carcinoma","CEL files were normalized with RMA using the affy Bioconductor package","GPL570","Gil,,Tomas","gil.tomas@ulb.ac.be","IRIBHM","ULB","808 route de Lennik","Brussels","1070","Belgium","ftp://ftp.ncbi.nlm.nih.gov/geo/samples/GSM723nnn/GSM723348/suppl/GSM723348_PTC26_Plus.CEL.gz","54675","36","47","+","+","papillary","no","1","yes","no","sporadic","no","PTC26","F","Papillary thyroid carcinoma","6"
"GSM723349","Patient-matched non-tumor control S405N","GSM723349","Public on Jun 01 2012","May 12 2011","Jun 01 2012","RNA","1","patient-matched nontumor control","Homo sapiens","origin: Chernobyl","dominant variant: NA","invasion capsule: NA","extra-thyroid invasion: NA","regional metastasis: NA","age at operation: 16","age at incident: 1","height (cm): NA","weight (g): NA","Sex: F","braf: NA","braf delph: NA","lymphocyte infiltration: NA","sample id: S405N","tissue: Patient-matched nontumor control","total RNA","All tissues were immediately dissected, placed on ice, snap-frozen in liquid nitrogen, and stored at –80°C until processing. The ethics committees of the involved institutions approved the protocol. RNAs were prepared using TRIzol Reagent and RNeasy columns (Qiagen), followed by a verification of their quality. The Affymetrix protocol with two cycles of amplification was used and hybridizations were performed following manufacturer’s instructions.","biotin","standard Affymetrix protocol","9606","standard Affymetrix protocol","standard Affymetrix protocol","Patient-matched nontumor control","CEL files were normalized with RMA using the affy Bioconductor package","GPL570","Gil,,Tomas","gil.tomas@ulb.ac.be","IRIBHM","ULB","808 route de Lennik","Brussels","1070","Belgium","ftp://ftp.ncbi.nlm.nih.gov/geo/samples/GSM723nnn/GSM723349/suppl/GSM723349_S405N_Plus.CEL.gz","54675","1","16","NA","NA","NA","NA","NA","NA","NA","Chernobyl","NA","S405N","F","Patient-matched nontumor control","NA"
"GSM723350","Papillary thyroid carcinoma S405T","GSM723350","Public on Jun 01 2012","May 12 2011","Jun 01 2012","RNA","1","tumor","Homo sapiens","origin: Chernobyl","dominant variant: papillary","invasion capsule: no","extra-thyroid invasion: yes","regional metastasis: yes","age at operation: 16","age at incident: 1","height (cm): 3","weight (g): NA","Sex: F","braf: -","braf delph: -","lymphocyte infiltration: NA","sample id: S405T","tissue: Papillary thyroid carcinoma","total RNA","All tissues were immediately dissected, placed on ice, snap-frozen in liquid nitrogen, and stored at –80°C until processing. The ethics committees of the involved institutions approved the protocol. RNAs were prepared using TRIzol Reagent and RNeasy columns (Qiagen), followed by a verification of their quality. The Affymetrix protocol with two cycles of amplification was used and hybridizations were performed following manufacturer’s instructions.","biotin","standard Affymetrix protocol","9606","standard Affymetrix protocol","standard Affymetrix protocol","Papillary thyroid carcinoma","CEL files were normalized with RMA using the affy Bioconductor package","GPL570","Gil,,Tomas","gil.tomas@ulb.ac.be","IRIBHM","ULB","808 route de Lennik","Brussels","1070","Belgium","ftp://ftp.ncbi.nlm.nih.gov/geo/samples/GSM723nnn/GSM723350/suppl/GSM723350_S405T_Plus.CEL.gz","54675","1","16","-","-","papillary","yes","3","no","NA","Chernobyl","yes","S405T","F","Papillary thyroid carcinoma","NA"
"GSM723351","Patient-matched non-tumor control S409N","GSM723351","Public on Jun 01 2012","May 12 2011","Jun 01 2012","RNA","1","patient-matched nontumor control","Homo sapiens","origin: Chernobyl","dominant variant: NA","invasion capsule: NA","extra-thyroid invasion: NA","regional metastasis: NA","age at operation: 28","age at incident: 11","height (cm): NA","weight (g): NA","Sex: F","braf: NA","braf delph: NA","lymphocyte infiltration: NA","sample id: S409N","tissue: Patient-matched nontumor control","total RNA","All tissues were immediately dissected, placed on ice, snap-frozen in liquid nitrogen, and stored at –80°C until processing. The ethics committees of the involved institutions approved the protocol. RNAs were prepared using TRIzol Reagent and RNeasy columns (Qiagen), followed by a verification of their quality. The Affymetrix protocol with two cycles of amplification was used and hybridizations were performed following manufacturer’s instructions.","biotin","standard Affymetrix protocol","9606","standard Affymetrix protocol","standard Affymetrix protocol","Patient-matched nontumor control","CEL files were normalized with RMA using the affy Bioconductor package","GPL570","Gil,,Tomas","gil.tomas@ulb.ac.be","IRIBHM","ULB","808 route de Lennik","Brussels","1070","Belgium","ftp://ftp.ncbi.nlm.nih.gov/geo/samples/GSM723nnn/GSM723351/suppl/GSM723351_S409N_Plus.CEL.gz","54675","11","28","NA","NA","NA","NA","NA","NA","NA","Chernobyl","NA","S409N","F","Patient-matched nontumor control","NA"
"GSM723352","Papillary thyroid carcinoma S409T","GSM723352","Public on Jun 01 2012","May 12 2011","Jun 01 2012","RNA","1","tumor","Homo sapiens","origin: Chernobyl","dominant variant: papillary","invasion capsule: yes","extra-thyroid invasion: no","regional metastasis: no","age at operation: 28","age at incident: 11","height (cm): 2.2","weight (g): NA","Sex: F","braf: +","braf delph: +","lymphocyte infiltration: NA","sample id: S409T","tissue: Papillary thyroid carcinoma","total RNA","All tissues were immediately dissected, placed on ice, snap-frozen in liquid nitrogen, and stored at –80°C until processing. The ethics committees of the involved institutions approved the protocol. RNAs were prepared using TRIzol Reagent and RNeasy columns (Qiagen), followed by a verification of their quality. The Affymetrix protocol with two cycles of amplification was used and hybridizations were performed following manufacturer’s instructions.","biotin","standard Affymetrix protocol","9606","standard Affymetrix protocol","standard Affymetrix protocol","Papillary thyroid carcinoma","CEL files were normalized with RMA using the affy Bioconductor package","GPL570","Gil,,Tomas","gil.tomas@ulb.ac.be","IRIBHM","ULB","808 route de Lennik","Brussels","1070","Belgium","ftp://ftp.ncbi.nlm.nih.gov/geo/samples/GSM723nnn/GSM723352/suppl/GSM723352_S409T_Plus.CEL.gz","54675","11","28","+","+","papillary","no","2.2","yes","NA","Chernobyl","no","S409T","F","Papillary thyroid carcinoma","NA"
"GSM723353","Patient-matched non-tumor control S415N","GSM723353","Public on Jun 01 2012","May 12 2011","Jun 01 2012","RNA","1","patient-matched nontumor control","Homo sapiens","origin: Chernobyl","dominant variant: NA","invasion capsule: NA","extra-thyroid invasion: NA","regional metastasis: NA","age at operation: 28","age at incident: 12","height (cm): NA","weight (g): NA","Sex: M","braf: NA","braf delph: NA","lymphocyte infiltration: NA","sample id: S415N","tissue: Patient-matched nontumor control","total RNA","All tissues were immediately dissected, placed on ice, snap-frozen in liquid nitrogen, and stored at –80°C until processing. The ethics committees of the involved institutions approved the protocol. RNAs were prepared using TRIzol Reagent and RNeasy columns (Qiagen), followed by a verification of their quality. The Affymetrix protocol with two cycles of amplification was used and hybridizations were performed following manufacturer’s instructions.","biotin","standard Affymetrix protocol","9606","standard Affymetrix protocol","standard Affymetrix protocol","Patient-matched nontumor control","CEL files were normalized with RMA using the affy Bioconductor package","GPL570","Gil,,Tomas","gil.tomas@ulb.ac.be","IRIBHM","ULB","808 route de Lennik","Brussels","1070","Belgium","ftp://ftp.ncbi.nlm.nih.gov/geo/samples/GSM723nnn/GSM723353/suppl/GSM723353_S415N_Plus.CEL.gz","54675","12","28","NA","NA","NA","NA","NA","NA","NA","Chernobyl","NA","S415N","M","Patient-matched nontumor control","NA"
"GSM723354","Papillary thyroid carcinoma S415T","GSM723354","Public on Jun 01 2012","May 12 2011","Jun 01 2012","RNA","1","tumor","Homo sapiens","origin: Chernobyl","dominant variant: papillary","invasion capsule: yes","extra-thyroid invasion: yes","regional metastasis: yes","age at operation: 28","age at incident: 12","height (cm): 6","weight (g): NA","Sex: M","braf: +","braf delph: +","lymphocyte infiltration: NA","sample id: S415T","tissue: Papillary thyroid carcinoma","total RNA","All tissues were immediately dissected, placed on ice, snap-frozen in liquid nitrogen, and stored at –80°C until processing. The ethics committees of the involved institutions approved the protocol. RNAs were prepared using TRIzol Reagent and RNeasy columns (Qiagen), followed by a verification of their quality. The Affymetrix protocol with two cycles of amplification was used and hybridizations were performed following manufacturer’s instructions.","biotin","standard Affymetrix protocol","9606","standard Affymetrix protocol","standard Affymetrix protocol","Papillary thyroid carcinoma","CEL files were normalized with RMA using the affy Bioconductor package","GPL570","Gil,,Tomas","gil.tomas@ulb.ac.be","IRIBHM","ULB","808 route de Lennik","Brussels","1070","Belgium","ftp://ftp.ncbi.nlm.nih.gov/geo/samples/GSM723nnn/GSM723354/suppl/GSM723354_S415T_Plus.CEL.gz","54675","12","28","+","+","papillary","yes","6","yes","NA","Chernobyl","yes","S415T","M","Papillary thyroid carcinoma","NA"
"GSM723355","Patient-matched non-tumor control S418N","GSM723355","Public on Jun 01 2012","May 12 2011","Jun 01 2012","RNA","1","patient-matched nontumor control","Homo sapiens","origin: Chernobyl","dominant variant: NA","invasion capsule: NA","extra-thyroid invasion: NA","regional metastasis: NA","age at operation: 27","age at incident: 10","height (cm): NA","weight (g): NA","Sex: M","braf: NA","braf delph: NA","lymphocyte infiltration: NA","sample id: S418N","tissue: Patient-matched nontumor control","total RNA","All tissues were immediately dissected, placed on ice, snap-frozen in liquid nitrogen, and stored at –80°C until processing. The ethics committees of the involved institutions approved the protocol. RNAs were prepared using TRIzol Reagent and RNeasy columns (Qiagen), followed by a verification of their quality. The Affymetrix protocol with two cycles of amplification was used and hybridizations were performed following manufacturer’s instructions.","biotin","standard Affymetrix protocol","9606","standard Affymetrix protocol","standard Affymetrix protocol","Patient-matched nontumor control","CEL files were normalized with RMA using the affy Bioconductor package","GPL570","Gil,,Tomas","gil.tomas@ulb.ac.be","IRIBHM","ULB","808 route de Lennik","Brussels","1070","Belgium","ftp://ftp.ncbi.nlm.nih.gov/geo/samples/GSM723nnn/GSM723355/suppl/GSM723355_S418N_Plus.CEL.gz","54675","10","27","NA","NA","NA","NA","NA","NA","NA","Chernobyl","NA","S418N","M","Patient-matched nontumor control","NA"
"GSM723356","Papillary thyroid carcinoma S418T","GSM723356","Public on Jun 01 2012","May 12 2011","Jun 01 2012","RNA","1","tumor","Homo sapiens","origin: Chernobyl","dominant variant: follicular","invasion capsule: yes","extra-thyroid invasion: no","regional metastasis: no","age at operation: 27","age at incident: 10","height (cm): 1.4","weight (g): NA","Sex: M","braf: -","braf delph: +","lymphocyte infiltration: NA","sample id: S418T","tissue: Papillary thyroid carcinoma","total RNA","All tissues were immediately dissected, placed on ice, snap-frozen in liquid nitrogen, and stored at –80°C until processing. The ethics committees of the involved institutions approved the protocol. RNAs were prepared using TRIzol Reagent and RNeasy columns (Qiagen), followed by a verification of their quality. The Affymetrix protocol with two cycles of amplification was used and hybridizations were performed following manufacturer’s instructions.","biotin","standard Affymetrix protocol","9606","standard Affymetrix protocol","standard Affymetrix protocol","Papillary thyroid carcinoma","CEL files were normalized with RMA using the affy Bioconductor package","GPL570","Gil,,Tomas","gil.tomas@ulb.ac.be","IRIBHM","ULB","808 route de Lennik","Brussels","1070","Belgium","ftp://ftp.ncbi.nlm.nih.gov/geo/samples/GSM723nnn/GSM723356/suppl/GSM723356_S418T_Plus.CEL.gz","54675","10","27","+","-","follicular","no","1.4","yes","NA","Chernobyl","no","S418T","M","Papillary thyroid carcinoma","NA"
"GSM723357","Patient-matched non-tumor control S420N","GSM723357","Public on Jun 01 2012","May 12 2011","Jun 01 2012","RNA","1","patient-matched nontumor control","Homo sapiens","origin: Chernobyl","dominant variant: NA","invasion capsule: NA","extra-thyroid invasion: NA","regional metastasis: NA","age at operation: 28","age at incident: 12","height (cm): NA","weight (g): NA","Sex: F","braf: NA","braf delph: NA","lymphocyte infiltration: NA","sample id: S420N","tissue: Patient-matched nontumor control","total RNA","All tissues were immediately dissected, placed on ice, snap-frozen in liquid nitrogen, and stored at –80°C until processing. The ethics committees of the involved institutions approved the protocol. RNAs were prepared using TRIzol Reagent and RNeasy columns (Qiagen), followed by a verification of their quality. The Affymetrix protocol with two cycles of amplification was used and hybridizations were performed following manufacturer’s instructions.","biotin","standard Affymetrix protocol","9606","standard Affymetrix protocol","standard Affymetrix protocol","Patient-matched nontumor control","CEL files were normalized with RMA using the affy Bioconductor package","GPL570","Gil,,Tomas","gil.tomas@ulb.ac.be","IRIBHM","ULB","808 route de Lennik","Brussels","1070","Belgium","ftp://ftp.ncbi.nlm.nih.gov/geo/samples/GSM723nnn/GSM723357/suppl/GSM723357_S420N_Plus.CEL.gz","54675","12","28","NA","NA","NA","NA","NA","NA","NA","Chernobyl","NA","S420N","F","Patient-matched nontumor control","NA"
"GSM723358","Papillary thyroid carcinoma S420T","GSM723358","Public on Jun 01 2012","May 12 2011","Jun 01 2012","RNA","1","tumor","Homo sapiens","origin: Chernobyl","dominant variant: solitary","invasion capsule: yes","extra-thyroid invasion: no","regional metastasis: no","age at operation: 28","age at incident: 12","height (cm): 1.4","weight (g): NA","Sex: F","braf: -","braf delph: -","lymphocyte infiltration: NA","sample id: S420T","tissue: Papillary thyroid carcinoma","total RNA","All tissues were immediately dissected, placed on ice, snap-frozen in liquid nitrogen, and stored at –80°C until processing. The ethics committees of the involved institutions approved the protocol. RNAs were prepared using TRIzol Reagent and RNeasy columns (Qiagen), followed by a verification of their quality. The Affymetrix protocol with two cycles of amplification was used and hybridizations were performed following manufacturer’s instructions.","biotin","standard Affymetrix protocol","9606","standard Affymetrix protocol","standard Affymetrix protocol","Papillary thyroid carcinoma","CEL files were normalized with RMA using the affy Bioconductor package","GPL570","Gil,,Tomas","gil.tomas@ulb.ac.be","IRIBHM","ULB","808 route de Lennik","Brussels","1070","Belgium","ftp://ftp.ncbi.nlm.nih.gov/geo/samples/GSM723nnn/GSM723358/suppl/GSM723358_S420T_Plus.CEL.gz","54675","12","28","-","-","solitary","no","1.4","yes","NA","Chernobyl","no","S420T","F","Papillary thyroid carcinoma","NA"
"GSM723359","Patient-matched non-tumor control S422N","GSM723359","Public on Jun 01 2012","May 12 2011","Jun 01 2012","RNA","1","patient-matched nontumor control","Homo sapiens","origin: Chernobyl","dominant variant: NA","invasion capsule: NA","extra-thyroid invasion: NA","regional metastasis: NA","age at operation: 31","age at incident: 15","height (cm): NA","weight (g): NA","Sex: M","braf: NA","braf delph: NA","lymphocyte infiltration: NA","sample id: S422N","tissue: Patient-matched nontumor control","total RNA","All tissues were immediately dissected, placed on ice, snap-frozen in liquid nitrogen, and stored at –80°C until processing. The ethics committees of the involved institutions approved the protocol. RNAs were prepared using TRIzol Reagent and RNeasy columns (Qiagen), followed by a verification of their quality. The Affymetrix protocol with two cycles of amplification was used and hybridizations were performed following manufacturer’s instructions.","biotin","standard Affymetrix protocol","9606","standard Affymetrix protocol","standard Affymetrix protocol","Patient-matched nontumor control","CEL files were normalized with RMA using the affy Bioconductor package","GPL570","Gil,,Tomas","gil.tomas@ulb.ac.be","IRIBHM","ULB","808 route de Lennik","Brussels","1070","Belgium","ftp://ftp.ncbi.nlm.nih.gov/geo/samples/GSM723nnn/GSM723359/suppl/GSM723359_S422N_Plus.CEL.gz","54675","15","31","NA","NA","NA","NA","NA","NA","NA","Chernobyl","NA","S422N","M","Patient-matched nontumor control","NA"
"GSM723360","Papillary thyroid carcinoma S422T","GSM723360","Public on Jun 01 2012","May 12 2011","Jun 01 2012","RNA","1","tumor","Homo sapiens","origin: Chernobyl","dominant variant: papillary","invasion capsule: yes","extra-thyroid invasion: no","regional metastasis: no","age at operation: 31","age at incident: 15","height (cm): 0.9","weight (g): NA","Sex: M","braf: +","braf delph: +","lymphocyte infiltration: NA","sample id: S422T","tissue: Papillary thyroid carcinoma","total RNA","All tissues were immediately dissected, placed on ice, snap-frozen in liquid nitrogen, and stored at –80°C until processing. The ethics committees of the involved institutions approved the protocol. RNAs were prepared using TRIzol Reagent and RNeasy columns (Qiagen), followed by a verification of their quality. The Affymetrix protocol with two cycles of amplification was used and hybridizations were performed following manufacturer’s instructions.","biotin","standard Affymetrix protocol","9606","standard Affymetrix protocol","standard Affymetrix protocol","Papillary thyroid carcinoma","CEL files were normalized with RMA using the affy Bioconductor package","GPL570","Gil,,Tomas","gil.tomas@ulb.ac.be","IRIBHM","ULB","808 route de Lennik","Brussels","1070","Belgium","ftp://ftp.ncbi.nlm.nih.gov/geo/samples/GSM723nnn/GSM723360/suppl/GSM723360_S422T_Plus.CEL.gz","54675","15","31","+","+","papillary","no","0.9","yes","NA","Chernobyl","no","S422T","M","Papillary thyroid carcinoma","NA"
"GSM723361","Patient-matched non-tumor control S423N","GSM723361","Public on Jun 01 2012","May 12 2011","Jun 01 2012","RNA","1","patient-matched nontumor control","Homo sapiens","origin: Chernobyl","dominant variant: NA","invasion capsule: NA","extra-thyroid invasion: NA","regional metastasis: NA","age at operation: 22","age at incident: 5","height (cm): NA","weight (g): NA","Sex: F","braf: NA","braf delph: NA","lymphocyte infiltration: NA","sample id: S423N","tissue: Patient-matched nontumor control","total RNA","All tissues were immediately dissected, placed on ice, snap-frozen in liquid nitrogen, and stored at –80°C until processing. The ethics committees of the involved institutions approved the protocol. RNAs were prepared using TRIzol Reagent and RNeasy columns (Qiagen), followed by a verification of their quality. The Affymetrix protocol with two cycles of amplification was used and hybridizations were performed following manufacturer’s instructions.","biotin","standard Affymetrix protocol","9606","standard Affymetrix protocol","standard Affymetrix protocol","Patient-matched nontumor control","CEL files were normalized with RMA using the affy Bioconductor package","GPL570","Gil,,Tomas","gil.tomas@ulb.ac.be","IRIBHM","ULB","808 route de Lennik","Brussels","1070","Belgium","ftp://ftp.ncbi.nlm.nih.gov/geo/samples/GSM723nnn/GSM723361/suppl/GSM723361_S423N_Plus.CEL.gz","54675","5","22","NA","NA","NA","NA","NA","NA","NA","Chernobyl","NA","S423N","F","Patient-matched nontumor control","NA"
"GSM723362","Papillary thyroid carcinoma S423T","GSM723362","Public on Jun 01 2012","May 12 2011","Jun 01 2012","RNA","1","tumor","Homo sapiens","origin: Chernobyl","dominant variant: papillary","invasion capsule: yes","extra-thyroid invasion: no","regional metastasis: no","age at operation: 22","age at incident: 5","height (cm): 4.5","weight (g): NA","Sex: F","braf: NA","braf delph: +","lymphocyte infiltration: NA","sample id: S423T","tissue: Papillary thyroid carcinoma","total RNA","All tissues were immediately dissected, placed on ice, snap-frozen in liquid nitrogen, and stored at –80°C until processing. The ethics committees of the involved institutions approved the protocol. RNAs were prepared using TRIzol Reagent and RNeasy columns (Qiagen), followed by a verification of their quality. The Affymetrix protocol with two cycles of amplification was used and hybridizations were performed following manufacturer’s instructions.","biotin","standard Affymetrix protocol","9606","standard Affymetrix protocol","standard Affymetrix protocol","Papillary thyroid carcinoma","CEL files were normalized with RMA using the affy Bioconductor package","GPL570","Gil,,Tomas","gil.tomas@ulb.ac.be","IRIBHM","ULB","808 route de Lennik","Brussels","1070","Belgium","ftp://ftp.ncbi.nlm.nih.gov/geo/samples/GSM723nnn/GSM723362/suppl/GSM723362_S423T_Plus.CEL.gz","54675","5","22","+","NA","papillary","no","4.5","yes","NA","Chernobyl","no","S423T","F","Papillary thyroid carcinoma","NA"
"GSM723363","Patient-matched non-tumor control S425N","GSM723363","Public on Jun 01 2012","May 12 2011","Jun 01 2012","RNA","1","patient-matched nontumor control","Homo sapiens","origin: Chernobyl","dominant variant: NA","invasion capsule: NA","extra-thyroid invasion: NA","regional metastasis: NA","age at operation: 19","age at incident: 3","height (cm): NA","weight (g): NA","Sex: M","braf: NA","braf delph: NA","lymphocyte infiltration: NA","sample id: S425N","tissue: Patient-matched nontumor control","total RNA","All tissues were immediately dissected, placed on ice, snap-frozen in liquid nitrogen, and stored at –80°C until processing. The ethics committees of the involved institutions approved the protocol. RNAs were prepared using TRIzol Reagent and RNeasy columns (Qiagen), followed by a verification of their quality. The Affymetrix protocol with two cycles of amplification was used and hybridizations were performed following manufacturer’s instructions.","biotin","standard Affymetrix protocol","9606","standard Affymetrix protocol","standard Affymetrix protocol","Patient-matched nontumor control","CEL files were normalized with RMA using the affy Bioconductor package","GPL570","Gil,,Tomas","gil.tomas@ulb.ac.be","IRIBHM","ULB","808 route de Lennik","Brussels","1070","Belgium","ftp://ftp.ncbi.nlm.nih.gov/geo/samples/GSM723nnn/GSM723363/suppl/GSM723363_S425N_Plus.CEL.gz","54675","3","19","NA","NA","NA","NA","NA","NA","NA","Chernobyl","NA","S425N","M","Patient-matched nontumor control","NA"
"GSM723364","Papillary thyroid carcinoma S425T","GSM723364","Public on Jun 01 2012","May 12 2011","Jun 01 2012","RNA","1","tumor","Homo sapiens","origin: Chernobyl","dominant variant: follicular","invasion capsule: no","extra-thyroid invasion: no","regional metastasis: yes","age at operation: 19","age at incident: 3","height (cm): 1.6","weight (g): NA","Sex: M","braf: -","braf delph: -","lymphocyte infiltration: NA","sample id: S425T","tissue: Papillary thyroid carcinoma","total RNA","All tissues were immediately dissected, placed on ice, snap-frozen in liquid nitrogen, and stored at –80°C until processing. The ethics committees of the involved institutions approved the protocol. RNAs were prepared using TRIzol Reagent and RNeasy columns (Qiagen), followed by a verification of their quality. The Affymetrix protocol with two cycles of amplification was used and hybridizations were performed following manufacturer’s instructions.","biotin","standard Affymetrix protocol","9606","standard Affymetrix protocol","standard Affymetrix protocol","Papillary thyroid carcinoma","CEL files were normalized with RMA using the affy Bioconductor package","GPL570","Gil,,Tomas","gil.tomas@ulb.ac.be","IRIBHM","ULB","808 route de Lennik","Brussels","1070","Belgium","ftp://ftp.ncbi.nlm.nih.gov/geo/samples/GSM723nnn/GSM723364/suppl/GSM723364_S425T_Plus.CEL.gz","54675","3","19","-","-","follicular","no","1.6","no","NA","Chernobyl","yes","S425T","M","Papillary thyroid carcinoma","NA"
"GSM723365","Patient-matched non-tumor control V519N","GSM723365","Public on Jun 01 2012","May 12 2011","Jun 01 2012","RNA","1","patient-matched nontumor control","Homo sapiens","origin: Chernobyl","dominant variant: NA","invasion capsule: NA","extra-thyroid invasion: NA","regional metastasis: NA","age at operation: 18","age at incident: 2","height (cm): NA","weight (g): NA","Sex: F","braf: NA","braf delph: NA","lymphocyte infiltration: NA","sample id: V519N","tissue: Patient-matched nontumor control","total RNA","All tissues were immediately dissected, placed on ice, snap-frozen in liquid nitrogen, and stored at –80°C until processing. The ethics committees of the involved institutions approved the protocol. RNAs were prepared using TRIzol Reagent and RNeasy columns (Qiagen), followed by a verification of their quality. The Affymetrix protocol with two cycles of amplification was used and hybridizations were performed following manufacturer’s instructions.","biotin","standard Affymetrix protocol","9606","standard Affymetrix protocol","standard Affymetrix protocol","Patient-matched nontumor control","CEL files were normalized with RMA using the affy Bioconductor package","GPL570","Gil,,Tomas","gil.tomas@ulb.ac.be","IRIBHM","ULB","808 route de Lennik","Brussels","1070","Belgium","ftp://ftp.ncbi.nlm.nih.gov/geo/samples/GSM723nnn/GSM723365/suppl/GSM723365_V519N_Plus.CEL.gz","54675","2","18","NA","NA","NA","NA","NA","NA","NA","Chernobyl","NA","V519N","F","Patient-matched nontumor control","NA"
"GSM723366","Papillary thyroid carcinoma V519T","GSM723366","Public on Jun 01 2012","May 12 2011","Jun 01 2012","RNA","1","tumor","Homo sapiens","origin: Chernobyl","dominant variant: papillary","invasion capsule: no","extra-thyroid invasion: no","regional metastasis: yes","age at operation: 18","age at incident: 2","height (cm): 1.7","weight (g): NA","Sex: F","braf: -","braf delph: -","lymphocyte infiltration: NA","sample id: V519T","tissue: Papillary thyroid carcinoma","total RNA","All tissues were immediately dissected, placed on ice, snap-frozen in liquid nitrogen, and stored at –80°C until processing. The ethics committees of the involved institutions approved the protocol. RNAs were prepared using TRIzol Reagent and RNeasy columns (Qiagen), followed by a verification of their quality. The Affymetrix protocol with two cycles of amplification was used and hybridizations were performed following manufacturer’s instructions.","biotin","standard Affymetrix protocol","9606","standard Affymetrix protocol","standard Affymetrix protocol","Papillary thyroid carcinoma","CEL files were normalized with RMA using the affy Bioconductor package","GPL570","Gil,,Tomas","gil.tomas@ulb.ac.be","IRIBHM","ULB","808 route de Lennik","Brussels","1070","Belgium","ftp://ftp.ncbi.nlm.nih.gov/geo/samples/GSM723nnn/GSM723366/suppl/GSM723366_V519T_Plus.CEL.gz","54675","2","18","-","-","papillary","no","1.7","no","NA","Chernobyl","yes","V519T","F","Papillary thyroid carcinoma","NA"
"GSM723367","Patient-matched non-tumor control V608N","GSM723367","Public on Jun 01 2012","May 12 2011","Jun 01 2012","RNA","1","patient-matched nontumor control","Homo sapiens","origin: Chernobyl","dominant variant: NA","invasion capsule: NA","extra-thyroid invasion: NA","regional metastasis: NA","age at operation: 32","age at incident: 15","height (cm): NA","weight (g): NA","Sex: F","braf: NA","braf delph: NA","lymphocyte infiltration: NA","sample id: V608N","tissue: Patient-matched nontumor control","total RNA","All tissues were immediately dissected, placed on ice, snap-frozen in liquid nitrogen, and stored at –80°C until processing. The ethics committees of the involved institutions approved the protocol. RNAs were prepared using TRIzol Reagent and RNeasy columns (Qiagen), followed by a verification of their quality. The Affymetrix protocol with two cycles of amplification was used and hybridizations were performed following manufacturer’s instructions.","biotin","standard Affymetrix protocol","9606","standard Affymetrix protocol","standard Affymetrix protocol","Patient-matched nontumor control","CEL files were normalized with RMA using the affy Bioconductor package","GPL570","Gil,,Tomas","gil.tomas@ulb.ac.be","IRIBHM","ULB","808 route de Lennik","Brussels","1070","Belgium","ftp://ftp.ncbi.nlm.nih.gov/geo/samples/GSM723nnn/GSM723367/suppl/GSM723367_V608N_Plus.CEL.gz","54675","15","32","NA","NA","NA","NA","NA","NA","NA","Chernobyl","NA","V608N","F","Patient-matched nontumor control","NA"
"GSM723368","Papillary thyroid carcinoma V608T","GSM723368","Public on Jun 01 2012","May 12 2011","Jun 01 2012","RNA","1","tumor","Homo sapiens","origin: Chernobyl","dominant variant: papillary","invasion capsule: no","extra-thyroid invasion: no","regional metastasis: yes","age at operation: 32","age at incident: 15","height (cm): 1.6","weight (g): NA","Sex: F","braf: NA","braf delph: -","lymphocyte infiltration: NA","sample id: V608T","tissue: Papillary thyroid carcinoma","total RNA","All tissues were immediately dissected, placed on ice, snap-frozen in liquid nitrogen, and stored at –80°C until processing. The ethics committees of the involved institutions approved the protocol. RNAs were prepared using TRIzol Reagent and RNeasy columns (Qiagen), followed by a verification of their quality. The Affymetrix protocol with two cycles of amplification was used and hybridizations were performed following manufacturer’s instructions.","biotin","standard Affymetrix protocol","9606","standard Affymetrix protocol","standard Affymetrix protocol","Papillary thyroid carcinoma","CEL files were normalized with RMA using the affy Bioconductor package","GPL570","Gil,,Tomas","gil.tomas@ulb.ac.be","IRIBHM","ULB","808 route de Lennik","Brussels","1070","Belgium","ftp://ftp.ncbi.nlm.nih.gov/geo/samples/GSM723nnn/GSM723368/suppl/GSM723368_V608T_Plus.CEL.gz","54675","15","32","-","NA","papillary","no","1.6","no","NA","Chernobyl","yes","V608T","F","Papillary thyroid carcinoma","NA"
