"","category","term","number_of_genes","number_of_genes_in_background","ncbiTaxonId","inputGenes","preferredNames","p_value","fdr","description"
"1","Process","GO:0035019",5,65,9606,"9606.ENSP00000259915,9606.ENSP00000296145,9606.ENSP00000323588,9606.ENSP00000335306,9606.ENSP00000363314","POU5F1,TDGF1,SOX2,DPPA4,LIN28A",3.4e-07,0.0044,"Somatic stem cell population maintenance"
"2","Function","GO:0035198",4,31,9606,"9606.ENSP00000259915,9606.ENSP00000323588,9606.ENSP00000363314,9606.ENSP00000373272","POU5F1,SOX2,LIN28A,TRIM71",8.22e-07,0.0027,"miRNA binding"
"3","TISSUES","BTO:0004254",3,10,9606,"9606.ENSP00000259915,9606.ENSP00000323588,9606.ENSP00000426809","POU5F1,SOX2,PROM1",2.39e-06,0.0046,"Cancer stem cell"
"4","TISSUES","BTO:0000556",4,62,9606,"9606.ENSP00000259915,9606.ENSP00000272134,9606.ENSP00000323588,9606.ENSP00000343819","POU5F1,LEFTY1,SOX2,OTX2",1.08e-05,0.0103,"Germ layer"
"5","TISSUES","BTO:0000223",4,76,9606,"9606.ENSP00000272134,9606.ENSP00000335306,9606.ENSP00000355785,9606.ENSP00000363314","LEFTY1,DPPA4,LEFTY2,LIN28A",2.32e-05,0.0147,"Teratocarcinoma cell"
"6","TISSUES","BTO:0006081",2,3,9606,"9606.ENSP00000259915,9606.ENSP00000323588","POU5F1,SOX2",4.25e-05,0.0147,"hiPSC cell"
"7","TISSUES","BTO:0006155",2,2,9606,"9606.ENSP00000323588,9606.ENSP00000426809","SOX2,PROM1",2.55e-05,0.0147,"Glioma stem cell"
"8","TISSUES","BTO:0001268",2,5,9606,"9606.ENSP00000259915,9606.ENSP00000323588","POU5F1,SOX2",8.9e-05,0.0173,"Somatic cell"
"9","TISSUES","BTO:0001718",2,4,9606,"9606.ENSP00000259915,9606.ENSP00000323588","POU5F1,SOX2",6.37e-05,0.0173,"Embryoid body"
"10","TISSUES","BTO:0004593",2,4,9606,"9606.ENSP00000259915,9606.ENSP00000323588","POU5F1,SOX2",6.37e-05,0.0173,"Epiblast"
"11","TISSUES","BTO:0006080",2,4,9606,"9606.ENSP00000259915,9606.ENSP00000323588","POU5F1,SOX2",6.37e-05,0.0173,"hESC cell"
"12","TISSUES","BTO:0000800",2,8,9606,"9606.ENSP00000259915,9606.ENSP00000323588","POU5F1,SOX2",0.00019,0.0226,"Endoderm"
"13","TISSUES","BTO:0000146",7,617,9606,"9606.ENSP00000220478,9606.ENSP00000264218,9606.ENSP00000265643,9606.ENSP00000300283,9606.ENSP00000343819,9606.ENSP00000377047,9606.ENSP00000406577","SCG3,NMU,GAL,CKMT1B,OTX2,PTPRZ1,CKMT1A",0.00028,0.0296,"Brain stem"
"14","TISSUES","BTO:0000232",6,474,9606,"9606.ENSP00000220478,9606.ENSP00000264218,9606.ENSP00000265643,9606.ENSP00000300283,9606.ENSP00000343819,9606.ENSP00000406577","SCG3,NMU,GAL,CKMT1B,OTX2,CKMT1A",0.00045,0.0454,"Cerebellum"
"15","DISEASES","DOID:3307",3,7,9606,"9606.ENSP00000259915,9606.ENSP00000323588,9606.ENSP00000363314","POU5F1,SOX2,LIN28A",1.01e-06,0.0044,"Teratoma"
"16","Keyword","KW-0217",11,953,9606,"9606.ENSP00000259915,9606.ENSP00000272134,9606.ENSP00000278780,9606.ENSP00000300069,9606.ENSP00000323588,9606.ENSP00000335306,9606.ENSP00000343819,9606.ENSP00000355785,9606.ENSP00000367198,9606.ENSP00000373272,9606.ENSP00000385143","POU5F1,LEFTY1,OVOL2,RBPMS2,SOX2,DPPA4,OTX2,LEFTY2,LECT1,TRIM71,UNC5D",3.11e-06,0.0021,"Developmental protein"
"17","PMID","PMID:32490244",13,37,9606,"9606.ENSP00000259915,9606.ENSP00000272134,9606.ENSP00000296145,9606.ENSP00000314901,9606.ENSP00000317686,9606.ENSP00000323588,9606.ENSP00000328547,9606.ENSP00000335306,9606.ENSP00000355785,9606.ENSP00000363314,9606.ENSP00000380131,9606.ENSP00000417710,9606.ENSP00000419901","POU5F1,LEFTY1,TDGF1,LRRN1,ZFP42,SOX2,DNMT3B,DPPA4,LEFTY2,LIN28A,CLDN6,DPPA2,L1TD1",5.88e-25,2.37e-18,"(2020) Profiling and quantification of pluripotency reprogramming reveal that WNT pathways and cell morphology have to be reprogramed extensively."
"18","PMID","PMID:23473982",10,40,9606,"9606.ENSP00000259915,9606.ENSP00000272134,9606.ENSP00000296145,9606.ENSP00000323588,9606.ENSP00000328547,9606.ENSP00000335306,9606.ENSP00000343819,9606.ENSP00000363314,9606.ENSP00000417710,9606.ENSP00000419901","POU5F1,LEFTY1,TDGF1,SOX2,DNMT3B,DPPA4,OTX2,LIN28A,DPPA2,L1TD1",4.71e-18,9.5e-12,"(2013) Interaction between DMRT1 function and genetic background modulates signaling and pluripotency to control tumor susceptibility in the fetal germ line."
"19","PMID","PMID:25254348",9,31,9606,"9606.ENSP00000258499,9606.ENSP00000259915,9606.ENSP00000278780,9606.ENSP00000317686,9606.ENSP00000323588,9606.ENSP00000328547,9606.ENSP00000335306,9606.ENSP00000363314,9606.ENSP00000380131","USP44,POU5F1,OVOL2,ZFP42,SOX2,DNMT3B,DPPA4,LIN28A,CLDN6",7.77e-17,1.04e-10,"(2014) Gene expression variability as a unifying element of the pluripotency network."
"20","PMID","PMID:26892236",10,63,9606,"9606.ENSP00000265643,9606.ENSP00000272134,9606.ENSP00000317686,9606.ENSP00000323588,9606.ENSP00000328547,9606.ENSP00000355785,9606.ENSP00000363314,9606.ENSP00000380131,9606.ENSP00000419901,9606.ENSP00000445052","GAL,LEFTY1,ZFP42,SOX2,DNMT3B,LEFTY2,LIN28A,CLDN6,L1TD1,CTSV",2.76e-16,2.78e-10,"(2016) Co-expression networks in generation of induced pluripotent stem cells."
"21","PMID","PMID:24015231",9,37,9606,"9606.ENSP00000259915,9606.ENSP00000296145,9606.ENSP00000300069,9606.ENSP00000323588,9606.ENSP00000328547,9606.ENSP00000335306,9606.ENSP00000363314,9606.ENSP00000419901,9606.ENSP00000426809","POU5F1,TDGF1,RBPMS2,SOX2,DNMT3B,DPPA4,LIN28A,L1TD1,PROM1",3.1e-16,2.78e-10,"(2013) The RNA binding protein ESRP1 fine-tunes the expression of pluripotency-related factors in mouse embryonic stem cells."
"22","PMID","PMID:26609255",9,46,9606,"9606.ENSP00000272134,9606.ENSP00000296145,9606.ENSP00000323588,9606.ENSP00000328547,9606.ENSP00000335306,9606.ENSP00000355785,9606.ENSP00000363314,9606.ENSP00000417710,9606.ENSP00000426809","LEFTY1,TDGF1,SOX2,DNMT3B,DPPA4,LEFTY2,LIN28A,DPPA2,PROM1",1.77e-15,1.19e-09,"(2015) Stem cells - biological update and cell therapy progress."
"23","PMID","PMID:32034125",9,47,9606,"9606.ENSP00000259915,9606.ENSP00000272134,9606.ENSP00000317686,9606.ENSP00000323588,9606.ENSP00000328547,9606.ENSP00000343819,9606.ENSP00000355785,9606.ENSP00000363314,9606.ENSP00000426809","POU5F1,LEFTY1,ZFP42,SOX2,DNMT3B,OTX2,LEFTY2,LIN28A,PROM1",2.1e-15,1.21e-09,"(2020) Pten-mediated Gsk3beta modulates the naive pluripotency maintenance in embryonic stem cells."
"24","PMID","PMID:28359056",7,11,9606,"9606.ENSP00000259915,9606.ENSP00000296145,9606.ENSP00000323588,9606.ENSP00000328547,9606.ENSP00000335306,9606.ENSP00000363314,9606.ENSP00000417710","POU5F1,TDGF1,SOX2,DNMT3B,DPPA4,LIN28A,DPPA2",3.19e-15,1.61e-09,"(2017) The Construction and Identification of Induced Pluripotent Stem Cells Derived from Acute Myelogenous Leukemia Cells."
"25","PMID","PMID:28548056",9,52,9606,"9606.ENSP00000259915,9606.ENSP00000272134,9606.ENSP00000317686,9606.ENSP00000323588,9606.ENSP00000335306,9606.ENSP00000355785,9606.ENSP00000363314,9606.ENSP00000417710,9606.ENSP00000419901","POU5F1,LEFTY1,ZFP42,SOX2,DPPA4,LEFTY2,LIN28A,DPPA2,L1TD1",4.78e-15,2.14e-09,"(2013) Decoding the Pluripotency Network: The Emergence of New Transcription Factors."
"26","PMID","PMID:20862250",8,32,9606,"9606.ENSP00000259915,9606.ENSP00000272134,9606.ENSP00000317686,9606.ENSP00000323588,9606.ENSP00000328547,9606.ENSP00000343819,9606.ENSP00000355785,9606.ENSP00000363314","POU5F1,LEFTY1,ZFP42,SOX2,DNMT3B,OTX2,LEFTY2,LIN28A",1.29e-14,5.22e-09,"(2010) Analysis of human and mouse reprogramming of somatic cells to induced pluripotent stem cells. What is in the plate?"
"27","PMID","PMID:17506876",9,59,9606,"9606.ENSP00000259915,9606.ENSP00000296145,9606.ENSP00000323588,9606.ENSP00000328547,9606.ENSP00000335306,9606.ENSP00000343819,9606.ENSP00000355785,9606.ENSP00000363314,9606.ENSP00000419901","POU5F1,TDGF1,SOX2,DNMT3B,DPPA4,OTX2,LEFTY2,LIN28A,L1TD1",1.34e-14,5.22e-09,"(2007) Silencing of core transcription factors in human EC cells highlights the importance of autocrine FGF signaling for self-renewal."
"28","PMID","PMID:23336433",8,33,9606,"9606.ENSP00000259915,9606.ENSP00000272134,9606.ENSP00000296145,9606.ENSP00000323588,9606.ENSP00000328547,9606.ENSP00000355785,9606.ENSP00000363314,9606.ENSP00000426809","POU5F1,LEFTY1,TDGF1,SOX2,DNMT3B,LEFTY2,LIN28A,PROM1",1.61e-14,5.4e-09,"(2013) Reviewing and updating the major molecular markers for stem cells."
"29","PMID","PMID:25875838",8,34,9606,"9606.ENSP00000259915,9606.ENSP00000272134,9606.ENSP00000296145,9606.ENSP00000317686,9606.ENSP00000323588,9606.ENSP00000328547,9606.ENSP00000355785,9606.ENSP00000363314","POU5F1,LEFTY1,TDGF1,ZFP42,SOX2,DNMT3B,LEFTY2,LIN28A",1.98e-14,6.15e-09,"(2015) Culture adaptation alters transcriptional hierarchies among single human embryonic stem cells reflecting altered patterns of differentiation."
"30","PMID","PMID:26649052",10,103,9606,"9606.ENSP00000259915,9606.ENSP00000296145,9606.ENSP00000317686,9606.ENSP00000323588,9606.ENSP00000328547,9606.ENSP00000335306,9606.ENSP00000355785,9606.ENSP00000363314,9606.ENSP00000419901,9606.ENSP00000426809","POU5F1,TDGF1,ZFP42,SOX2,DNMT3B,DPPA4,LEFTY2,LIN28A,L1TD1,PROM1",2.6e-14,7.49e-09,"(2016) Expression of Genes Related to Germ Cell Lineage and Pluripotency in Single Cells and Colonies of Human Adult Germ Stem Cells."
"31","PMID","PMID:29804889",9,65,9606,"9606.ENSP00000259915,9606.ENSP00000272134,9606.ENSP00000317686,9606.ENSP00000323588,9606.ENSP00000328547,9606.ENSP00000343819,9606.ENSP00000355785,9606.ENSP00000363314,9606.ENSP00000417710","POU5F1,LEFTY1,ZFP42,SOX2,DNMT3B,OTX2,LEFTY2,LIN28A,DPPA2",2.99e-14,8.04e-09,"(2018) An Intermediate Pluripotent State Controlled by MicroRNAs Is Required for the Naive-to-Primed Stem Cell Transition."
"32","PMID","PMID:27569059",9,65,9606,"9606.ENSP00000259915,9606.ENSP00000272134,9606.ENSP00000296145,9606.ENSP00000323588,9606.ENSP00000328547,9606.ENSP00000343819,9606.ENSP00000355785,9606.ENSP00000363314,9606.ENSP00000377047","POU5F1,LEFTY1,TDGF1,SOX2,DNMT3B,OTX2,LEFTY2,LIN28A,PTPRZ1",2.99e-14,8.04e-09,"(2016) Quantitative Analysis of Human Pluripotency and Neural Specification by In-Depth (Phospho)Proteomic Profiling."
"33","PMID","PMID:31806618",8,39,9606,"9606.ENSP00000259915,9606.ENSP00000323588,9606.ENSP00000328547,9606.ENSP00000335306,9606.ENSP00000343819,9606.ENSP00000363314,9606.ENSP00000373272,9606.ENSP00000417710","POU5F1,SOX2,DNMT3B,DPPA4,OTX2,LIN28A,TRIM71,DPPA2",5.24e-14,1.24e-08,"(2019) NANOG and LIN28 dramatically improve human cell reprogramming by modulating LIN41 and canonical WNT activities."
"34","PMID","PMID:30450724",7,20,9606,"9606.ENSP00000259915,9606.ENSP00000317686,9606.ENSP00000323588,9606.ENSP00000328547,9606.ENSP00000335306,9606.ENSP00000355785,9606.ENSP00000363314","POU5F1,ZFP42,SOX2,DNMT3B,DPPA4,LEFTY2,LIN28A",8.77e-14,1.97e-08,"(2019) Partial reprogramming induces a steady decline in epigenetic age before loss of somatic identity."
"35","PMID","PMID:17570852",7,22,9606,"9606.ENSP00000259915,9606.ENSP00000272134,9606.ENSP00000296145,9606.ENSP00000323588,9606.ENSP00000335306,9606.ENSP00000355785,9606.ENSP00000363314","POU5F1,LEFTY1,TDGF1,SOX2,DPPA4,LEFTY2,LIN28A",1.54e-13,3.26e-08,"(2007) LongSAGE profiling of nine human embryonic stem cell lines."
"36","PMID","PMID:28174249",9,80,9606,"9606.ENSP00000259915,9606.ENSP00000272134,9606.ENSP00000296145,9606.ENSP00000317686,9606.ENSP00000323588,9606.ENSP00000328547,9606.ENSP00000343819,9606.ENSP00000355785,9606.ENSP00000363314","POU5F1,LEFTY1,TDGF1,ZFP42,SOX2,DNMT3B,OTX2,LEFTY2,LIN28A",1.68e-13,3.39e-08,"(2017) Tracking the embryonic stem cell transition from ground state pluripotency."
"37","PMID","PMID:27594588",8,46,9606,"9606.ENSP00000259915,9606.ENSP00000296145,9606.ENSP00000317686,9606.ENSP00000323588,9606.ENSP00000343819,9606.ENSP00000355785,9606.ENSP00000380131,9606.ENSP00000417710","POU5F1,TDGF1,ZFP42,SOX2,OTX2,LEFTY2,CLDN6,DPPA2",1.72e-13,3.39e-08,"(2016) A Panel of Embryonic Stem Cell Lines Reveals the Variety and Dynamic of Pluripotent States in Rabbits."
"38","PMID","PMID:33996469",9,83,9606,"9606.ENSP00000259915,9606.ENSP00000296145,9606.ENSP00000328547,9606.ENSP00000335306,9606.ENSP00000343819,9606.ENSP00000355785,9606.ENSP00000363314,9606.ENSP00000373272,9606.ENSP00000417710","POU5F1,TDGF1,DNMT3B,DPPA4,OTX2,LEFTY2,LIN28A,TRIM71,DPPA2",2.29e-13,4.19e-08,"(2021) Molecular and epigenetic pathogenesis of germ cell tumors."
"39","PMID","PMID:23614026",9,87,9606,"9606.ENSP00000259915,9606.ENSP00000272134,9606.ENSP00000296145,9606.ENSP00000317686,9606.ENSP00000323588,9606.ENSP00000328547,9606.ENSP00000335306,9606.ENSP00000355785,9606.ENSP00000363314","POU5F1,LEFTY1,TDGF1,ZFP42,SOX2,DNMT3B,DPPA4,LEFTY2,LIN28A",3.39e-13,5.79e-08,"(2013) Defining the genomic signature of totipotency and pluripotency during early human development."
"40","PMID","PMID:20139965",7,25,9606,"9606.ENSP00000259915,9606.ENSP00000272134,9606.ENSP00000317686,9606.ENSP00000323588,9606.ENSP00000335306,9606.ENSP00000355785,9606.ENSP00000363314","POU5F1,LEFTY1,ZFP42,SOX2,DPPA4,LEFTY2,LIN28A",3.3e-13,5.79e-08,"(2010) Tbx3 improves the germ-line competency of induced pluripotent stem cells."
"41","PMID","PMID:20568225",6,10,9606,"9606.ENSP00000259915,9606.ENSP00000272134,9606.ENSP00000296145,9606.ENSP00000323588,9606.ENSP00000355785,9606.ENSP00000363314","POU5F1,LEFTY1,TDGF1,SOX2,LEFTY2,LIN28A",4.5e-13,7.26e-08,"(2010) Cancer hallmarks in induced pluripotent cells: new insights."
"42","PMID","PMID:27245508",8,54,9606,"9606.ENSP00000259915,9606.ENSP00000296145,9606.ENSP00000317686,9606.ENSP00000323588,9606.ENSP00000343819,9606.ENSP00000355785,9606.ENSP00000363314,9606.ENSP00000417710","POU5F1,TDGF1,ZFP42,SOX2,OTX2,LEFTY2,LIN28A,DPPA2",5.51e-13,8.55e-08,"(2016) Non integrative strategy decreases chromosome instability and improves endogenous pluripotency genes reactivation in porcine induced pluripotent-like stem cells."
"43","PMID","PMID:26740582",8,56,9606,"9606.ENSP00000259915,9606.ENSP00000317686,9606.ENSP00000323588,9606.ENSP00000335306,9606.ENSP00000343819,9606.ENSP00000355785,9606.ENSP00000363314,9606.ENSP00000417710","POU5F1,ZFP42,SOX2,DPPA4,OTX2,LEFTY2,LIN28A,DPPA2",7.19e-13,1.07e-07,"(2016) An integrated systems biology approach identifies positive cofactor 4 as a factor that increases reprogramming efficiency."
"44","PMID","PMID:28157483",7,29,9606,"9606.ENSP00000259915,9606.ENSP00000317686,9606.ENSP00000323588,9606.ENSP00000328547,9606.ENSP00000335306,9606.ENSP00000343819,9606.ENSP00000363314","POU5F1,ZFP42,SOX2,DNMT3B,DPPA4,OTX2,LIN28A",8.13e-13,1.17e-07,"(2016) Distinct Enhancer Activity of Oct4 in Naive and Primed Mouse Pluripotency."
"45","PMID","PMID:34831338",7,30,9606,"9606.ENSP00000259915,9606.ENSP00000272134,9606.ENSP00000317686,9606.ENSP00000323588,9606.ENSP00000335306,9606.ENSP00000355785,9606.ENSP00000417710","POU5F1,LEFTY1,ZFP42,SOX2,DPPA4,LEFTY2,DPPA2",1e-12,1.39e-07,"(2021) Comparative Analyses of Single-Cell Transcriptomic Profiles between In Vitro Totipotent Blastomere-like Cells and In Vivo Early Mouse Embryonic Cells."
"46","PMID","PMID:28391974",6,13,9606,"9606.ENSP00000259915,9606.ENSP00000296145,9606.ENSP00000317686,9606.ENSP00000323588,9606.ENSP00000363314,9606.ENSP00000417710","POU5F1,TDGF1,ZFP42,SOX2,LIN28A,DPPA2",1.52e-12,2.04e-07,"(2017) Generation of induced Pluripotent Stem Cells as disease modelling of NLSDM."
"47","PMID","PMID:16207381",8,63,9606,"9606.ENSP00000265643,9606.ENSP00000272134,9606.ENSP00000296145,9606.ENSP00000323588,9606.ENSP00000328547,9606.ENSP00000335306,9606.ENSP00000363314,9606.ENSP00000380131","GAL,LEFTY1,TDGF1,SOX2,DNMT3B,DPPA4,LIN28A,CLDN6",1.71e-12,2.23e-07,"(2005) Comparison of the gene expression profile of undifferentiated human embryonic stem cell lines and differentiating embryoid bodies."
"48","PMID","PMID:29535778",7,33,9606,"9606.ENSP00000259915,9606.ENSP00000272134,9606.ENSP00000296145,9606.ENSP00000317686,9606.ENSP00000323588,9606.ENSP00000328547,9606.ENSP00000363314","POU5F1,LEFTY1,TDGF1,ZFP42,SOX2,DNMT3B,LIN28A",1.81e-12,2.28e-07,"(2018) Laminin 521 Stabilizes the Pluripotency Expression Pattern of Human Embryonic Stem Cells Initially Derived on Feeder Cells."
"49","PMID","PMID:32415101",8,64,9606,"9606.ENSP00000259915,9606.ENSP00000272134,9606.ENSP00000317686,9606.ENSP00000323588,9606.ENSP00000328547,9606.ENSP00000343819,9606.ENSP00000363314,9606.ENSP00000417710","POU5F1,LEFTY1,ZFP42,SOX2,DNMT3B,OTX2,LIN28A,DPPA2",1.92e-12,2.35e-07,"(2020) Unique properties of a subset of human pluripotent stem cells with high capacity for self-renewal."
"50","PMID","PMID:28635509",6,14,9606,"9606.ENSP00000259915,9606.ENSP00000317686,9606.ENSP00000323588,9606.ENSP00000328547,9606.ENSP00000343819,9606.ENSP00000363314","POU5F1,ZFP42,SOX2,DNMT3B,OTX2,LIN28A",2.16e-12,2.57e-07,"(2017) Induced Pluripotent Stem Cell-Derived Dopaminergic Neurons from Adult Common Marmoset Fibroblasts."
"51","PMID","PMID:18692474",6,14,9606,"9606.ENSP00000259915,9606.ENSP00000272134,9606.ENSP00000323588,9606.ENSP00000328547,9606.ENSP00000355785,9606.ENSP00000363314","POU5F1,LEFTY1,SOX2,DNMT3B,LEFTY2,LIN28A",2.16e-12,2.57e-07,"(2008) Connecting microRNA genes to the core transcriptional regulatory circuitry of embryonic stem cells."
"52","PMID","PMID:26293300",8,66,9606,"9606.ENSP00000259915,9606.ENSP00000272134,9606.ENSP00000296145,9606.ENSP00000317686,9606.ENSP00000323588,9606.ENSP00000335306,9606.ENSP00000355785,9606.ENSP00000417710","POU5F1,LEFTY1,TDGF1,ZFP42,SOX2,DPPA4,LEFTY2,DPPA2",2.41e-12,2.7e-07,"(2015) Defining the three cell lineages of the human blastocyst by single-cell RNA-seq."
"53","PMID","PMID:25760436",7,35,9606,"9606.ENSP00000259915,9606.ENSP00000272134,9606.ENSP00000296145,9606.ENSP00000317686,9606.ENSP00000323588,9606.ENSP00000328547,9606.ENSP00000363314","POU5F1,LEFTY1,TDGF1,ZFP42,SOX2,DNMT3B,LIN28A",2.6e-12,2.84e-07,"(2015) A comprehensive library of familial human amyotrophic lateral sclerosis induced pluripotent stem cells."
"54","PMID","PMID:20201064",6,15,9606,"9606.ENSP00000259915,9606.ENSP00000317686,9606.ENSP00000323588,9606.ENSP00000335306,9606.ENSP00000363314,9606.ENSP00000417710","POU5F1,ZFP42,SOX2,DPPA4,LIN28A,DPPA2",3.02e-12,3.21e-07,"(2010) Butyrate greatly enhances derivation of human induced pluripotent stem cells by promoting epigenetic remodeling and the expression of pluripotency-associated genes."
"55","PMID","PMID:32370214",8,69,9606,"9606.ENSP00000259915,9606.ENSP00000272134,9606.ENSP00000296145,9606.ENSP00000317686,9606.ENSP00000323588,9606.ENSP00000328547,9606.ENSP00000335306,9606.ENSP00000363314","POU5F1,LEFTY1,TDGF1,ZFP42,SOX2,DNMT3B,DPPA4,LIN28A",3.35e-12,3.47e-07,"(2020) A PIANO (Proper, Insufficient, Aberrant, and NO Reprogramming) Response to the Yamanaka Factors in the Initial Stages of Human iPSC Reprogramming."
"56","PMID","PMID:30559277",8,70,9606,"9606.ENSP00000224356,9606.ENSP00000259915,9606.ENSP00000272134,9606.ENSP00000323588,9606.ENSP00000328547,9606.ENSP00000343819,9606.ENSP00000355785,9606.ENSP00000363314","CYP26A1,POU5F1,LEFTY1,SOX2,DNMT3B,OTX2,LEFTY2,LIN28A",3.73e-12,3.72e-07,"(2019) Transcriptionally dynamic progenitor populations organised around a stable niche drive axial patterning."
"57","PMID","PMID:23670199",7,37,9606,"9606.ENSP00000272134,9606.ENSP00000317686,9606.ENSP00000323588,9606.ENSP00000328547,9606.ENSP00000343819,9606.ENSP00000355785,9606.ENSP00000380131","LEFTY1,ZFP42,SOX2,DNMT3B,OTX2,LEFTY2,CLDN6",3.69e-12,3.72e-07,"(2013) Prdm14 promotes germline fate and naive pluripotency by repressing FGF signalling and DNA methylation."
"58","PMID","PMID:17068183",6,16,9606,"9606.ENSP00000259915,9606.ENSP00000272134,9606.ENSP00000296145,9606.ENSP00000323588,9606.ENSP00000335306,9606.ENSP00000355785","POU5F1,LEFTY1,TDGF1,SOX2,DPPA4,LEFTY2",4.15e-12,3.99e-07,"(2007) Analysis of Oct4-dependent transcriptional networks regulating self-renewal and pluripotency in human embryonic stem cells."
"59","PMID","PMID:29235536",7,40,9606,"9606.ENSP00000259915,9606.ENSP00000300069,9606.ENSP00000317686,9606.ENSP00000323588,9606.ENSP00000328547,9606.ENSP00000335306,9606.ENSP00000363314","POU5F1,RBPMS2,ZFP42,SOX2,DNMT3B,DPPA4,LIN28A",6.03e-12,5.65e-07,"(2017) Genetically unmatched human iPSC and ESC exhibit equivalent gene expression and neuronal differentiation potential."
"60","PMID","PMID:27283990",8,76,9606,"9606.ENSP00000272134,9606.ENSP00000296145,9606.ENSP00000317686,9606.ENSP00000323588,9606.ENSP00000328547,9606.ENSP00000335306,9606.ENSP00000355785,9606.ENSP00000363314","LEFTY1,TDGF1,ZFP42,SOX2,DNMT3B,DPPA4,LEFTY2,LIN28A",6.87e-12,6.3e-07,"(2016) SOX2 is essential for in vivo reprogramming of seminoma-like TCam-2 cells to an embryonal carcinoma-like fate."
"61","PMID","PMID:27739137",7,41,9606,"9606.ENSP00000259915,9606.ENSP00000296145,9606.ENSP00000317686,9606.ENSP00000323588,9606.ENSP00000328547,9606.ENSP00000343819,9606.ENSP00000355785","POU5F1,TDGF1,ZFP42,SOX2,DNMT3B,OTX2,LEFTY2",7.04e-12,6.32e-07,"(2017) Zeb2 Regulates Cell Fate at the Exit from Epiblast State in Mouse Embryonic Stem Cells."
"62","PMID","PMID:22162396",6,18,9606,"9606.ENSP00000259915,9606.ENSP00000296145,9606.ENSP00000323588,9606.ENSP00000328547,9606.ENSP00000363314,9606.ENSP00000419901","POU5F1,TDGF1,SOX2,DNMT3B,LIN28A,L1TD1",7.47e-12,6.55e-07,"(2012) RNA-binding protein L1TD1 interacts with LIN28 via RNA and is required for human embryonic stem cell self-renewal and cancer cell proliferation."
"63","PMID","PMID:24738045",8,78,9606,"9606.ENSP00000259915,9606.ENSP00000296145,9606.ENSP00000314901,9606.ENSP00000323588,9606.ENSP00000328547,9606.ENSP00000335306,9606.ENSP00000355785,9606.ENSP00000363314","POU5F1,TDGF1,LRRN1,SOX2,DNMT3B,DPPA4,LEFTY2,LIN28A",8.34e-12,7.16e-07,"(2014) Differential gene expression profiling of enriched human spermatogonia after short- and long-term culture."
"64","PMID","PMID:22634564",8,79,9606,"9606.ENSP00000259915,9606.ENSP00000272134,9606.ENSP00000296145,9606.ENSP00000317686,9606.ENSP00000323588,9606.ENSP00000328547,9606.ENSP00000343819,9606.ENSP00000426809","POU5F1,LEFTY1,TDGF1,ZFP42,SOX2,DNMT3B,OTX2,PROM1",9.17e-12,7.71e-07,"(2012) Isolation of primitive endoderm, mesoderm, vascular endothelial and trophoblast progenitors from human pluripotent stem cells."
"65","PMID","PMID:30700702",7,44,9606,"9606.ENSP00000259915,9606.ENSP00000272134,9606.ENSP00000296145,9606.ENSP00000323588,9606.ENSP00000328547,9606.ENSP00000343819,9606.ENSP00000363417","POU5F1,LEFTY1,TDGF1,SOX2,DNMT3B,OTX2,SLC7A3",1.1e-11,9.08e-07,"(2019) Implantation initiation of self-assembled embryo-like structures generated using three types of mouse blastocyst-derived stem cells."
"66","PMID","PMID:31374103",6,20,9606,"9606.ENSP00000259915,9606.ENSP00000296145,9606.ENSP00000323588,9606.ENSP00000335306,9606.ENSP00000355785,9606.ENSP00000363314","POU5F1,TDGF1,SOX2,DPPA4,LEFTY2,LIN28A",1.27e-11,1.03e-06,"(2019) Exploring induced pluripotency in human fibroblasts via construction, validation, and application of a gene regulatory network."
"67","PMID","PMID:33167468",7,46,9606,"9606.ENSP00000259915,9606.ENSP00000317686,9606.ENSP00000323588,9606.ENSP00000335306,9606.ENSP00000343819,9606.ENSP00000363314,9606.ENSP00000417710","POU5F1,ZFP42,SOX2,DPPA4,OTX2,LIN28A,DPPA2",1.46e-11,1.16e-06,"(2020) Controlling the Switch from Neurogenesis to Pluripotency during Marmoset Monkey Somatic Cell Reprogramming with Self-Replicating mRNAs and Small Molecules."
"68","PMID","PMID:28610558",7,47,9606,"9606.ENSP00000259915,9606.ENSP00000317686,9606.ENSP00000323588,9606.ENSP00000335306,9606.ENSP00000343819,9606.ENSP00000355785,9606.ENSP00000417710","POU5F1,ZFP42,SOX2,DPPA4,OTX2,LEFTY2,DPPA2",1.68e-11,1.3e-06,"(2017) The many faces of Pluripotency: in vitro adaptations of a continuum of in vivo states."
"69","PMID","PMID:22634835",8,87,9606,"9606.ENSP00000259915,9606.ENSP00000296145,9606.ENSP00000317686,9606.ENSP00000323588,9606.ENSP00000335306,9606.ENSP00000417710,9606.ENSP00000419901,9606.ENSP00000426809","POU5F1,TDGF1,ZFP42,SOX2,DPPA4,DPPA2,L1TD1,PROM1",1.88e-11,1.43e-06,"(2012) Embryonic stem cell markers."
"70","PMID","PMID:28017796",7,48,9606,"9606.ENSP00000296145,9606.ENSP00000317686,9606.ENSP00000323588,9606.ENSP00000328547,9606.ENSP00000335306,9606.ENSP00000363314,9606.ENSP00000417710","TDGF1,ZFP42,SOX2,DNMT3B,DPPA4,LIN28A,DPPA2",1.92e-11,1.44e-06,"(2017) Analysis of Transcriptional Variability in a Large Human iPSC Library Reveals Genetic and Non-genetic Determinants of Heterogeneity."
"71","PMID","PMID:28366588",7,49,9606,"9606.ENSP00000259915,9606.ENSP00000317686,9606.ENSP00000323588,9606.ENSP00000328547,9606.ENSP00000335306,9606.ENSP00000343819,9606.ENSP00000363314","POU5F1,ZFP42,SOX2,DNMT3B,DPPA4,OTX2,LIN28A",2.19e-11,1.61e-06,"(2017) DUSP9 Modulates DNA Hypomethylation in Female Mouse Pluripotent Stem Cells."
"72","PMID","PMID:25369332",7,49,9606,"9606.ENSP00000259915,9606.ENSP00000272134,9606.ENSP00000323588,9606.ENSP00000328547,9606.ENSP00000355785,9606.ENSP00000363314,9606.ENSP00000373272","POU5F1,LEFTY1,SOX2,DNMT3B,LEFTY2,LIN28A,TRIM71",2.19e-11,1.61e-06,"(2014) miR-27 negatively regulates pluripotency-associated genes in human embryonal carcinoma cells."
"73","PMID","PMID:29650979",7,51,9606,"9606.ENSP00000259915,9606.ENSP00000272134,9606.ENSP00000317686,9606.ENSP00000323588,9606.ENSP00000328547,9606.ENSP00000355785,9606.ENSP00000363314","POU5F1,LEFTY1,ZFP42,SOX2,DNMT3B,LEFTY2,LIN28A",2.83e-11,2.01e-06,"(2018) Comparative analysis of naive, primed and ground state pluripotency in mouse embryonic stem cells originating from the same genetic background."
"74","PMID","PMID:35063129",6,24,9606,"9606.ENSP00000259915,9606.ENSP00000296145,9606.ENSP00000317686,9606.ENSP00000323588,9606.ENSP00000363314,9606.ENSP00000419901","POU5F1,TDGF1,ZFP42,SOX2,LIN28A,L1TD1",3.26e-11,2.23e-06,"(2022) CRISPR activation enables high-fidelity reprogramming into human pluripotent stem cells."
"75","PMID","PMID:32398665",7,52,9606,"9606.ENSP00000259915,9606.ENSP00000272134,9606.ENSP00000323588,9606.ENSP00000343819,9606.ENSP00000355785,9606.ENSP00000363314,9606.ENSP00000417710","POU5F1,LEFTY1,SOX2,OTX2,LEFTY2,LIN28A,DPPA2",3.21e-11,2.23e-06,"(2020) The transcriptional regulator ZNF398 mediates pluripotency and epithelial character downstream of TGF-beta in human PSCs."
"76","PMID","PMID:30267684",7,52,9606,"9606.ENSP00000259915,9606.ENSP00000272134,9606.ENSP00000317686,9606.ENSP00000323588,9606.ENSP00000343819,9606.ENSP00000355785,9606.ENSP00000417710","POU5F1,LEFTY1,ZFP42,SOX2,OTX2,LEFTY2,DPPA2",3.21e-11,2.23e-06,"(2018) Single-Cell Profiling Identifies Key Pathways Expressed by iPSCs Cultured in Different Commercial Media."
"77","PMID","PMID:26190440",6,24,9606,"9606.ENSP00000259915,9606.ENSP00000296145,9606.ENSP00000323588,9606.ENSP00000328547,9606.ENSP00000363314,9606.ENSP00000426809","POU5F1,TDGF1,SOX2,DNMT3B,LIN28A,PROM1",3.26e-11,2.23e-06,"(2015) Sendai virus-mediated expression of reprogramming factors promotes plasticity of human neuroblastoma cells."
"78","PMID","PMID:25105565",6,25,9606,"9606.ENSP00000259915,9606.ENSP00000296145,9606.ENSP00000323588,9606.ENSP00000355785,9606.ENSP00000363314,9606.ENSP00000426809","POU5F1,TDGF1,SOX2,LEFTY2,LIN28A,PROM1",4.04e-11,2.63e-06,"(2014) CD271 is an imperfect marker for melanoma initiating cells."
"79","PMID","PMID:19650037",6,25,9606,"9606.ENSP00000259915,9606.ENSP00000296145,9606.ENSP00000323588,9606.ENSP00000328547,9606.ENSP00000335306,9606.ENSP00000417710","POU5F1,TDGF1,SOX2,DNMT3B,DPPA4,DPPA2",4.04e-11,2.63e-06,"(2009) Lsh participates in DNA methylation and silencing of stem cell genes."
"80","PMID","PMID:23440892",7,55,9606,"9606.ENSP00000259915,9606.ENSP00000323588,9606.ENSP00000335306,9606.ENSP00000343819,9606.ENSP00000363314,9606.ENSP00000417710,9606.ENSP00000426809","POU5F1,SOX2,DPPA4,OTX2,LIN28A,DPPA2,PROM1",4.61e-11,2.9e-06,"(2013) Very small embryonic-like cells: biology and function of these potential endogenous pluripotent stem cells in adult tissues."
"81","PMID","PMID:25702638",6,26,9606,"9606.ENSP00000259915,9606.ENSP00000323588,9606.ENSP00000328547,9606.ENSP00000335306,9606.ENSP00000363314,9606.ENSP00000419901","POU5F1,SOX2,DNMT3B,DPPA4,LIN28A,L1TD1",4.97e-11,3.08e-06,"(2015) The L1TD1 protein interactome reveals the importance of post-transcriptional regulation in human pluripotency."
"82","PMID","PMID:27802135",7,56,9606,"9606.ENSP00000259915,9606.ENSP00000296145,9606.ENSP00000317686,9606.ENSP00000323588,9606.ENSP00000328547,9606.ENSP00000363314,9606.ENSP00000417710","POU5F1,TDGF1,ZFP42,SOX2,DNMT3B,LIN28A,DPPA2",5.17e-11,3.16e-06,"(2016) Transient ectopic expression of the histone demethylase JMJD3 accelerates the differentiation of human pluripotent stem cells."
"83","PMID","PMID:25750208",7,56,9606,"9606.ENSP00000224356,9606.ENSP00000259915,9606.ENSP00000317686,9606.ENSP00000323588,9606.ENSP00000328547,9606.ENSP00000363314,9606.ENSP00000417710","CYP26A1,POU5F1,ZFP42,SOX2,DNMT3B,LIN28A,DPPA2",5.17e-11,3.16e-06,"(2015) Human primordial germ cell commitment in vitro associates with a unique PRDM14 expression profile."
"84","PMID","PMID:30003161",8,101,9606,"9606.ENSP00000259915,9606.ENSP00000272134,9606.ENSP00000296145,9606.ENSP00000317686,9606.ENSP00000323588,9606.ENSP00000328547,9606.ENSP00000355785,9606.ENSP00000363314","POU5F1,LEFTY1,TDGF1,ZFP42,SOX2,DNMT3B,LEFTY2,LIN28A",5.77e-11,3.42e-06,"(2018) Single cell expression analysis of primate-specific retroviruses-derived HPAT lincRNAs in viable human blastocysts identifies embryonic cells co-expressing genetic markers of multiple lineages."
"85","PMID","PMID:28839193",6,27,9606,"9606.ENSP00000259915,9606.ENSP00000272134,9606.ENSP00000296145,9606.ENSP00000323588,9606.ENSP00000343819,9606.ENSP00000355785","POU5F1,LEFTY1,TDGF1,SOX2,OTX2,LEFTY2",6.06e-11,3.54e-06,"(2017) The epigenetic modifier Fam208a is required to maintain epiblast cell fitness."
"86","PMID","PMID:28041878",6,28,9606,"9606.ENSP00000259915,9606.ENSP00000296145,9606.ENSP00000317686,9606.ENSP00000323588,9606.ENSP00000328547,9606.ENSP00000417710","POU5F1,TDGF1,ZFP42,SOX2,DNMT3B,DPPA2",7.35e-11,4.18e-06,"(2017) Epigenetic Modifiers Facilitate Induction and Pluripotency of Porcine iPSCs."
"87","PMID","PMID:27559294",7,59,9606,"9606.ENSP00000224356,9606.ENSP00000296145,9606.ENSP00000317686,9606.ENSP00000323588,9606.ENSP00000328547,9606.ENSP00000335306,9606.ENSP00000363314","CYP26A1,TDGF1,ZFP42,SOX2,DNMT3B,DPPA4,LIN28A",7.25e-11,4.18e-06,"(2016) Characterization of Gene Expression Patterns among Artificially Developed Cancer Stem Cells Using Spherical Self-Organizing Map."
"88","PMID","PMID:25068131",7,60,9606,"9606.ENSP00000259915,9606.ENSP00000314901,9606.ENSP00000323588,9606.ENSP00000363417,9606.ENSP00000377047,9606.ENSP00000380131,9606.ENSP00000385143","POU5F1,LRRN1,SOX2,SLC7A3,PTPRZ1,CLDN6,UNC5D",8.08e-11,4.53e-06,"(2014) A human pluripotent stem cell surface N-glycoproteome resource reveals markers, extracellular epitopes, and drug targets."
"89","PMID","PMID:23681063",7,60,9606,"9606.ENSP00000259915,9606.ENSP00000317686,9606.ENSP00000323588,9606.ENSP00000335306,9606.ENSP00000355785,9606.ENSP00000363314,9606.ENSP00000417710","POU5F1,ZFP42,SOX2,DPPA4,LEFTY2,LIN28A,DPPA2",8.08e-11,4.53e-06,"(2013) Mechanisms and models of somatic cell reprogramming."
"90","PMID","PMID:28957659",6,29,9606,"9606.ENSP00000259915,9606.ENSP00000317686,9606.ENSP00000328547,9606.ENSP00000335306,9606.ENSP00000343819,9606.ENSP00000380131","POU5F1,ZFP42,DNMT3B,DPPA4,OTX2,CLDN6",8.85e-11,4.83e-06,"(2017) Stem Cell Differentiation as a Non-Markov Stochastic Process."
"91","PMID","PMID:34822772",5,10,9606,"9606.ENSP00000259915,9606.ENSP00000296145,9606.ENSP00000323588,9606.ENSP00000363314,9606.ENSP00000419901","POU5F1,TDGF1,SOX2,LIN28A,L1TD1",9.18e-11,4.94e-06,"(2021) Simultaneous high-efficiency base editing and reprogramming of patient fibroblasts."
"92","PMID","PMID:24042128",5,10,9606,"9606.ENSP00000259915,9606.ENSP00000272134,9606.ENSP00000296145,9606.ENSP00000323588,9606.ENSP00000363314","POU5F1,LEFTY1,TDGF1,SOX2,LIN28A",9.18e-11,4.94e-06,"(2013) Predicting distinct organization of transcription factor binding sites on the promoter regions: a new genome-based approach to expand human embryonic stem cell regulatory network."
"93","PMID","PMID:29361568",7,62,9606,"9606.ENSP00000224356,9606.ENSP00000259915,9606.ENSP00000296145,9606.ENSP00000317686,9606.ENSP00000323588,9606.ENSP00000355785,9606.ENSP00000417710","CYP26A1,POU5F1,TDGF1,ZFP42,SOX2,LEFTY2,DPPA2",1e-10,5.24e-06,"(2018) Integrated analysis of single-cell embryo data yields a unified transcriptome signature for the human pre-implantation epiblast."
"94","PMID","PMID:19162317",6,30,9606,"9606.ENSP00000224356,9606.ENSP00000259915,9606.ENSP00000296145,9606.ENSP00000323588,9606.ENSP00000328547,9606.ENSP00000343819","CYP26A1,POU5F1,TDGF1,SOX2,DNMT3B,OTX2",1.06e-10,5.49e-06,"(2009) Homogeneous and organized differentiation within embryoid bodies induced by microsphere-mediated delivery of small molecules."
"95","PMID","PMID:24939742",8,110,9606,"9606.ENSP00000259915,9606.ENSP00000272134,9606.ENSP00000317686,9606.ENSP00000323588,9606.ENSP00000328547,9606.ENSP00000343819,9606.ENSP00000363314,9606.ENSP00000419901","POU5F1,LEFTY1,ZFP42,SOX2,DNMT3B,OTX2,LIN28A,L1TD1",1.1e-10,5.6e-06,"(2014) mRNA-Seq and microRNA-Seq whole-transcriptome analyses of rhesus monkey embryonic stem cell neural differentiation revealed the potential regulators of rosette neural stem cells."
"96","PMID","PMID:33798453",6,31,9606,"9606.ENSP00000259915,9606.ENSP00000296145,9606.ENSP00000317686,9606.ENSP00000323588,9606.ENSP00000363314,9606.ENSP00000417710","POU5F1,TDGF1,ZFP42,SOX2,LIN28A,DPPA2",1.26e-10,6.33e-06,"(2021) Non-viral Induction of Transgene-free iPSCs from Somatic Fibroblasts of Multiple Mammalian Species."
"97","PMID","PMID:34206025",6,31,9606,"9606.ENSP00000259915,9606.ENSP00000296145,9606.ENSP00000323588,9606.ENSP00000343819,9606.ENSP00000363314,9606.ENSP00000417710","POU5F1,TDGF1,SOX2,OTX2,LIN28A,DPPA2",1.26e-10,6.33e-06,"(2021) Single-Cell Transcriptome Analysis as a Promising Tool to Study Pluripotent Stem Cell Reprogramming."
"98","PMID","PMID:32559458",6,31,9606,"9606.ENSP00000259915,9606.ENSP00000317686,9606.ENSP00000328547,9606.ENSP00000335306,9606.ENSP00000363314,9606.ENSP00000417710","POU5F1,ZFP42,DNMT3B,DPPA4,LIN28A,DPPA2",1.26e-10,6.33e-06,"(2020) The Chromatin Regulator ZMYM2 Restricts Human Pluripotent Stem Cell Growth and Is Essential for Teratoma Formation."
"99","PMID","PMID:29622030",8,112,9606,"9606.ENSP00000259915,9606.ENSP00000272134,9606.ENSP00000296145,9606.ENSP00000323588,9606.ENSP00000328547,9606.ENSP00000343819,9606.ENSP00000355785,9606.ENSP00000417710","POU5F1,LEFTY1,TDGF1,SOX2,DNMT3B,OTX2,LEFTY2,DPPA2",1.25e-10,6.33e-06,"(2018) Mapping human pluripotent stem cell differentiation pathways using high throughput single-cell RNA-sequencing."
"100","PMID","PMID:28167491",6,31,9606,"9606.ENSP00000259915,9606.ENSP00000296145,9606.ENSP00000323588,9606.ENSP00000328547,9606.ENSP00000335306,9606.ENSP00000417710","POU5F1,TDGF1,SOX2,DNMT3B,DPPA4,DPPA2",1.26e-10,6.33e-06,"(2017) Simplified 3D protocol capable of generating early cortical neuroepithelium."
"101","PMID","PMID:25765079",8,113,9606,"9606.ENSP00000259915,9606.ENSP00000272134,9606.ENSP00000296145,9606.ENSP00000323588,9606.ENSP00000335306,9606.ENSP00000355785,9606.ENSP00000363314,9606.ENSP00000426809","POU5F1,LEFTY1,TDGF1,SOX2,DPPA4,LEFTY2,LIN28A,PROM1",1.34e-10,6.33e-06,"(2015) Induced pluripotent stem cell-derived neuronal cells from a sporadic Alzheimers disease donor as a model for investigating AD-associated gene regulatory networks."
"102","PMID","PMID:23789112",6,31,9606,"9606.ENSP00000259915,9606.ENSP00000317686,9606.ENSP00000323588,9606.ENSP00000343819,9606.ENSP00000355785,9606.ENSP00000380131","POU5F1,ZFP42,SOX2,OTX2,LEFTY2,CLDN6",1.26e-10,6.33e-06,"(2013) Induced pluripotent stem cells derived from rabbits exhibit some characteristics of naive pluripotency."
"103","PMID","PMID:22567024",5,11,9606,"9606.ENSP00000259915,9606.ENSP00000323588,9606.ENSP00000328547,9606.ENSP00000335306,9606.ENSP00000417710","POU5F1,SOX2,DNMT3B,DPPA4,DPPA2",1.33e-10,6.33e-06,"(2012) High-Resolution Genomic Profiling of Chromosomal Abnormalities in Human Stem Cells Using the 135 K StemArray."
"104","PMID","PMID:20419109",6,31,9606,"9606.ENSP00000259915,9606.ENSP00000296145,9606.ENSP00000323588,9606.ENSP00000328547,9606.ENSP00000343819,9606.ENSP00000363314","POU5F1,TDGF1,SOX2,DNMT3B,OTX2,LIN28A",1.26e-10,6.33e-06,"(2010) A defined and xeno-free culture method enabling the establishment of clinical-grade human embryonic, induced pluripotent and adipose stem cells."
"105","PMID","PMID:33771987",8,115,9606,"9606.ENSP00000258499,9606.ENSP00000259915,9606.ENSP00000323588,9606.ENSP00000328547,9606.ENSP00000335306,9606.ENSP00000355785,9606.ENSP00000363314,9606.ENSP00000377047","USP44,POU5F1,SOX2,DNMT3B,DPPA4,LEFTY2,LIN28A,PTPRZ1",1.53e-10,6.8e-06,"(2021) Defective metabolic programming impairs early neuronal morphogenesis in neural cultures and an organoid model of Leigh syndrome."
"106","PMID","PMID:22110631",6,32,9606,"9606.ENSP00000259915,9606.ENSP00000272134,9606.ENSP00000323588,9606.ENSP00000328547,9606.ENSP00000355785,9606.ENSP00000363314","POU5F1,LEFTY1,SOX2,DNMT3B,LEFTY2,LIN28A",1.5e-10,6.8e-06,"(2011) Mitochondrial-associated cell death mechanisms are reset to an embryonic-like state in aged donor-derived iPS cells harboring chromosomal aberrations."
"107","PMID","PMID:20478297",6,32,9606,"9606.ENSP00000259915,9606.ENSP00000272134,9606.ENSP00000323588,9606.ENSP00000328547,9606.ENSP00000363314,9606.ENSP00000373272","POU5F1,LEFTY1,SOX2,DNMT3B,LIN28A,TRIM71",1.5e-10,6.8e-06,"(2010) Emerging roles of microRNAs in the control of embryonic stem cells and the generation of induced pluripotent stem cells."
"108","PMID","PMID:21049019",8,116,9606,"9606.ENSP00000259915,9606.ENSP00000272134,9606.ENSP00000296145,9606.ENSP00000317686,9606.ENSP00000323588,9606.ENSP00000328547,9606.ENSP00000335306,9606.ENSP00000417710","POU5F1,LEFTY1,TDGF1,ZFP42,SOX2,DNMT3B,DPPA4,DPPA2",1.63e-10,7.17e-06,"(2010) Functional genomics of 5- to 8-cell stage human embryos by blastomere single-cell cDNA analysis."
"109","PMID","PMID:32111830",6,33,9606,"9606.ENSP00000259915,9606.ENSP00000272134,9606.ENSP00000317686,9606.ENSP00000323588,9606.ENSP00000328547,9606.ENSP00000343819","POU5F1,LEFTY1,ZFP42,SOX2,DNMT3B,OTX2",1.77e-10,7.67e-06,"(2020) Dynamic CpG methylation delineates subregions within super-enhancers selectively decommissioned at the exit from naive pluripotency."
"110","PMID","PMID:31130628",6,33,9606,"9606.ENSP00000272134,9606.ENSP00000296145,9606.ENSP00000323588,9606.ENSP00000328547,9606.ENSP00000335306,9606.ENSP00000363314","LEFTY1,TDGF1,SOX2,DNMT3B,DPPA4,LIN28A",1.77e-10,7.67e-06,"(2019) TCam-2 Cells Deficient for SOX2 and FOXA2 Are Blocked in Differentiation and Maintain a Seminoma-Like Cell Fate In Vivo."
"111","PMID","PMID:26774565",6,33,9606,"9606.ENSP00000259915,9606.ENSP00000272134,9606.ENSP00000317686,9606.ENSP00000323588,9606.ENSP00000328547,9606.ENSP00000335306","POU5F1,LEFTY1,ZFP42,SOX2,DNMT3B,DPPA4",1.77e-10,7.67e-06,"(2016) Fibromodulin reprogrammed cells: A novel cell source for bone regeneration."
"112","PMID","PMID:33670246",5,12,9606,"9606.ENSP00000259915,9606.ENSP00000272134,9606.ENSP00000323588,9606.ENSP00000363314,9606.ENSP00000419901","POU5F1,LEFTY1,SOX2,LIN28A,L1TD1",1.89e-10,7.93e-06,"(2021) Identification and Validation of New Cancer Stem Cell-Related Genes and Their Regulatory microRNAs in Colorectal Cancerogenesis."
"113","PMID","PMID:27579041",5,12,9606,"9606.ENSP00000259915,9606.ENSP00000296145,9606.ENSP00000323588,9606.ENSP00000343819,9606.ENSP00000363314","POU5F1,TDGF1,SOX2,OTX2,LIN28A",1.89e-10,7.93e-06,"(2016) The Generation of Human Induced Pluripotent Stem Cells from Blood Cells: An Efficient Protocol Using Serial Plating of Reprogrammed Cells by Centrifugation."
"114","PMID","PMID:24743916",5,12,9606,"9606.ENSP00000259915,9606.ENSP00000317686,9606.ENSP00000323588,9606.ENSP00000343819,9606.ENSP00000363314","POU5F1,ZFP42,SOX2,OTX2,LIN28A",1.89e-10,7.93e-06,"(2014) Single cell analysis reveals the stochastic phase of reprogramming to pluripotency is an ordered probabilistic process."
"115","PMID","PMID:33805011",7,69,9606,"9606.ENSP00000259915,9606.ENSP00000296145,9606.ENSP00000317686,9606.ENSP00000323588,9606.ENSP00000328547,9606.ENSP00000363314,9606.ENSP00000380131","POU5F1,TDGF1,ZFP42,SOX2,DNMT3B,LIN28A,CLDN6",2e-10,8.17e-06,"(2021) Disease Modeling and Disease Gene Discovery in Cardiomyopathies: A Molecular Study of Induced Pluripotent Stem Cell Generated Cardiomyocytes."
"116","PMID","PMID:27025901",6,34,9606,"9606.ENSP00000259915,9606.ENSP00000323588,9606.ENSP00000335306,9606.ENSP00000343819,9606.ENSP00000363314,9606.ENSP00000417710","POU5F1,SOX2,DPPA4,OTX2,LIN28A,DPPA2",2.08e-10,8.38e-06,"(2016) Impaired ROS Scavenging System in Human Induced Pluripotent Stem Cells Generated from Patients with MERRF Syndrome."
"117","RCTM","HSA-452723",5,24,9606,"9606.ENSP00000259915,9606.ENSP00000296145,9606.ENSP00000323588,9606.ENSP00000335306,9606.ENSP00000363314","POU5F1,TDGF1,SOX2,DPPA4,LIN28A",3.55e-09,7.72e-06,"Transcriptional regulation of pluripotent stem cells"
"118","RCTM","HSA-2892247",4,13,9606,"9606.ENSP00000259915,9606.ENSP00000296145,9606.ENSP00000323588,9606.ENSP00000335306","POU5F1,TDGF1,SOX2,DPPA4",3.84e-08,4.17e-05,"POU5F1 (OCT4), SOX2, NANOG activate genes related to proliferation"
"119","RCTM","HSA-1433617",3,11,9606,"9606.ENSP00000272134,9606.ENSP00000296145,9606.ENSP00000355785","LEFTY1,TDGF1,LEFTY2",3.04e-06,0.0022,"Regulation of signaling by NODAL"
"120","RCTM","HSA-2892245",2,3,9606,"9606.ENSP00000259915,9606.ENSP00000323588","POU5F1,SOX2",4.25e-05,0.0185,"POU5F1 (OCT4), SOX2, NANOG repress genes related to differentiation"
"121","WikiPathways","WP2857",6,145,9606,"9606.ENSP00000259915,9606.ENSP00000272134,9606.ENSP00000323588,9606.ENSP00000328547,9606.ENSP00000355785,9606.ENSP00000373272","POU5F1,LEFTY1,SOX2,DNMT3B,LEFTY2,TRIM71",6.8e-07,0.00046,"Mesodermal commitment pathway"
"122","WikiPathways","WP3299",3,6,9606,"9606.ENSP00000259915,9606.ENSP00000323588,9606.ENSP00000373272","POU5F1,SOX2,TRIM71",7.07e-07,0.00046,"let-7 inhibition of ES cell reprogramming"
"123","WikiPathways","WP2406",4,53,9606,"9606.ENSP00000259915,9606.ENSP00000317686,9606.ENSP00000323588,9606.ENSP00000363314","POU5F1,ZFP42,SOX2,LIN28A",6e-06,0.0014,"Cardiac progenitor differentiation"
"124","WikiPathways","WP2023",3,19,9606,"9606.ENSP00000272134,9606.ENSP00000323588,9606.ENSP00000355785","LEFTY1,SOX2,LEFTY2",1.27e-05,0.0021,"Cell differentiation - expanded index"
"125","WikiPathways","WP2853",5,140,9606,"9606.ENSP00000259915,9606.ENSP00000323588,9606.ENSP00000328547,9606.ENSP00000343819,9606.ENSP00000373272","POU5F1,SOX2,DNMT3B,OTX2,TRIM71",1.25e-05,0.0021,"Endoderm differentiation"
"126","WikiPathways","WP3527",3,58,9606,"9606.ENSP00000259915,9606.ENSP00000317686,9606.ENSP00000323588","POU5F1,ZFP42,SOX2",0.00028,0.0317,"Pre-implantation embryo"
"127","WikiPathways","WP2029",2,13,9606,"9606.ENSP00000272134,9606.ENSP00000355785","LEFTY1,LEFTY2",0.00044,0.0426,"Cell differentiation - index"
"128","NetworkNeighborAL","CL:20762",5,17,9606,"9606.ENSP00000259915,9606.ENSP00000317686,9606.ENSP00000323588,9606.ENSP00000335306,9606.ENSP00000417710","POU5F1,ZFP42,SOX2,DPPA4,DPPA2",7.97e-10,3.62e-06,"Mixed, incl. transcriptional regulation of pluripotent stem cells, and tfcp2l1, sam domain"
"129","NetworkNeighborAL","CL:21397",3,6,9606,"9606.ENSP00000272134,9606.ENSP00000296145,9606.ENSP00000355785","LEFTY1,TDGF1,LEFTY2",7.07e-07,0.00064,"Regulation of signaling by NODAL"
"130","NetworkNeighborAL","CL:20763",3,10,9606,"9606.ENSP00000259915,9606.ENSP00000323588,9606.ENSP00000335306","POU5F1,SOX2,DPPA4",2.39e-06,0.0018,"Transcriptional regulation of pluripotent stem cells"
"131","NetworkNeighborAL","CL:20766",2,5,9606,"9606.ENSP00000259915,9606.ENSP00000323588","POU5F1,SOX2",8.9e-05,0.0449,"POU5F1 (OCT4), SOX2, NANOG repress genes related to differentiation, and Townes-Brocks syndrome"
